timestamp	seed_index	entity	project_name	wandb_id	name	dataset	score	module	model	parameters	trainable_parameters	path	version	commit	tags
2023-09-10 19:00:16.260682+00:00	0	gladia	modelzoo	5u76loc2		mnist	4.042713771923445e-05	modelzoo.pl_modules.aes.pl_autoencoder.LightningAutoencoder	modelzoo.modules.aes.ae.VanillaAE	49841	49841	models/checkpoints/5u76loc2.ckpt.zip	0.0.1	615d83e2cda7de04a1404bb5392755df9a57dbb6	aes,ae,mnist,run0
2023-09-10 19:33:37.491249+00:00	1	gladia	modelzoo	bkn3fe2a		mnist	1.4114132682152558e-05	modelzoo.pl_modules.aes.pl_autoencoder.LightningAutoencoder	modelzoo.modules.aes.ae.VanillaAE	49841	49841	models/checkpoints/bkn3fe2a.ckpt.zip	0.0.1	615d83e2cda7de04a1404bb5392755df9a57dbb6	aes,ae,mnist,run1
2023-09-10 19:46:07.967669+00:00	2	gladia	modelzoo	425l6pw4		mnist	5.242488987278193e-05	modelzoo.pl_modules.aes.pl_autoencoder.LightningAutoencoder	modelzoo.modules.aes.ae.VanillaAE	49841	49841	models/checkpoints/425l6pw4.ckpt.zip	0.0.1	615d83e2cda7de04a1404bb5392755df9a57dbb6	aes,ae,mnist,run2
2023-09-10 20:19:17.113465+00:00	3	gladia	modelzoo	986qd2j1		mnist	1.9652319679153152e-05	modelzoo.pl_modules.aes.pl_autoencoder.LightningAutoencoder	modelzoo.modules.aes.ae.VanillaAE	49841	49841	models/checkpoints/986qd2j1.ckpt.zip	0.0.1	615d83e2cda7de04a1404bb5392755df9a57dbb6	aes,ae,mnist,run3
2023-09-10 20:48:26.564478+00:00	4	gladia	modelzoo	ll5sve9p		mnist	3.2245792681351304e-05	modelzoo.pl_modules.aes.pl_autoencoder.LightningAutoencoder	modelzoo.modules.aes.ae.VanillaAE	49841	49841	models/checkpoints/ll5sve9p.ckpt.zip	0.0.1	615d83e2cda7de04a1404bb5392755df9a57dbb6	aes,ae,mnist,run4
2023-09-10 21:06:09.433543+00:00	0	gladia	modelzoo	8tpjcei3		fashion_mnist	9.830474300542846e-05	modelzoo.pl_modules.aes.pl_autoencoder.LightningAutoencoder	modelzoo.modules.aes.ae.VanillaAE	49841	49841	models/checkpoints/8tpjcei3.ckpt.zip	0.0.1	615d83e2cda7de04a1404bb5392755df9a57dbb6	aes,ae,fmnist,run0
2023-09-10 21:28:08.045207+00:00	1	gladia	modelzoo	c8r67per		fashion_mnist	0.0004427119856700301	modelzoo.pl_modules.aes.pl_autoencoder.LightningAutoencoder	modelzoo.modules.aes.ae.VanillaAE	49841	49841	models/checkpoints/c8r67per.ckpt.zip	0.0.1	615d83e2cda7de04a1404bb5392755df9a57dbb6	aes,ae,fmnist,run1
2023-09-10 21:59:15.329614+00:00	2	gladia	modelzoo	4ynaq7ln		fashion_mnist	3.293816189398058e-05	modelzoo.pl_modules.aes.pl_autoencoder.LightningAutoencoder	modelzoo.modules.aes.ae.VanillaAE	49841	49841	models/checkpoints/4ynaq7ln.ckpt.zip	0.0.1	615d83e2cda7de04a1404bb5392755df9a57dbb6	aes,ae,fmnist,run2
2023-09-10 22:25:57.144383+00:00	3	gladia	modelzoo	bc7z9vp7		fashion_mnist	0.000586736248806119	modelzoo.pl_modules.aes.pl_autoencoder.LightningAutoencoder	modelzoo.modules.aes.ae.VanillaAE	49841	49841	models/checkpoints/bc7z9vp7.ckpt.zip	0.0.1	615d83e2cda7de04a1404bb5392755df9a57dbb6	aes,ae,fmnist,run3
2023-09-10 23:11:39.395798+00:00	4	gladia	modelzoo	1ckcj4ro		fashion_mnist	0.0001657524990150705	modelzoo.pl_modules.aes.pl_autoencoder.LightningAutoencoder	modelzoo.modules.aes.ae.VanillaAE	49841	49841	models/checkpoints/1ckcj4ro.ckpt.zip	0.0.1	615d83e2cda7de04a1404bb5392755df9a57dbb6	aes,ae,fmnist,run4
2023-09-11 00:10:01.519240+00:00	0	gladia	modelzoo	3wp0vd4o		cifar10	0.0009931533131748438	modelzoo.pl_modules.aes.pl_autoencoder.LightningAutoencoder	modelzoo.modules.aes.ae.VanillaAE	56627	56627	models/checkpoints/3wp0vd4o.ckpt.zip	0.0.1	615d83e2cda7de04a1404bb5392755df9a57dbb6	aes,ae,cifar10,run0
2023-09-11 00:57:09.136100+00:00	1	gladia	modelzoo	gqunzrx7		cifar10	0.0010881520574912429	modelzoo.pl_modules.aes.pl_autoencoder.LightningAutoencoder	modelzoo.modules.aes.ae.VanillaAE	56627	56627	models/checkpoints/gqunzrx7.ckpt.zip	0.0.1	615d83e2cda7de04a1404bb5392755df9a57dbb6	aes,ae,cifar10,run1
2023-09-11 01:23:11.833079+00:00	2	gladia	modelzoo	o365bq8t		cifar10	0.0010363716864958405	modelzoo.pl_modules.aes.pl_autoencoder.LightningAutoencoder	modelzoo.modules.aes.ae.VanillaAE	56627	56627	models/checkpoints/o365bq8t.ckpt.zip	0.0.1	615d83e2cda7de04a1404bb5392755df9a57dbb6	aes,ae,cifar10,run2
2023-09-11 02:05:02.273254+00:00	3	gladia	modelzoo	ctikagkk		cifar10	0.0014329765690490603	modelzoo.pl_modules.aes.pl_autoencoder.LightningAutoencoder	modelzoo.modules.aes.ae.VanillaAE	56627	56627	models/checkpoints/ctikagkk.ckpt.zip	0.0.1	615d83e2cda7de04a1404bb5392755df9a57dbb6	aes,ae,cifar10,run3
2023-09-11 03:03:38.915431+00:00	4	gladia	modelzoo	blmkrh7g		cifar10	0.001345555647276342	modelzoo.pl_modules.aes.pl_autoencoder.LightningAutoencoder	modelzoo.modules.aes.ae.VanillaAE	56627	56627	models/checkpoints/blmkrh7g.ckpt.zip	0.0.1	615d83e2cda7de04a1404bb5392755df9a57dbb6	aes,ae,cifar10,run4
2023-09-11 04:06:32.022987+00:00	0	gladia	modelzoo	tb456vbu		cifar100	0.001036358647979796	modelzoo.pl_modules.aes.pl_autoencoder.LightningAutoencoder	modelzoo.modules.aes.ae.VanillaAE	56627	56627	models/checkpoints/tb456vbu.ckpt.zip	0.0.1	615d83e2cda7de04a1404bb5392755df9a57dbb6	aes,ae,cifar100,run0
2023-09-11 04:32:27.267441+00:00	1	gladia	modelzoo	xeqmrt02		cifar100	0.0011508710449561477	modelzoo.pl_modules.aes.pl_autoencoder.LightningAutoencoder	modelzoo.modules.aes.ae.VanillaAE	56627	56627	models/checkpoints/xeqmrt02.ckpt.zip	0.0.1	615d83e2cda7de04a1404bb5392755df9a57dbb6	aes,ae,cifar100,run1
2023-09-11 05:14:09.112723+00:00	2	gladia	modelzoo	axmflq0e		cifar100	0.0010178000666201115	modelzoo.pl_modules.aes.pl_autoencoder.LightningAutoencoder	modelzoo.modules.aes.ae.VanillaAE	56627	56627	models/checkpoints/axmflq0e.ckpt.zip	0.0.1	615d83e2cda7de04a1404bb5392755df9a57dbb6	aes,ae,cifar100,run2
2023-09-11 05:56:01.746891+00:00	3	gladia	modelzoo	snf84ai4		cifar100	0.0015489625511690974	modelzoo.pl_modules.aes.pl_autoencoder.LightningAutoencoder	modelzoo.modules.aes.ae.VanillaAE	56627	56627	models/checkpoints/snf84ai4.ckpt.zip	0.0.1	615d83e2cda7de04a1404bb5392755df9a57dbb6	aes,ae,cifar100,run3
2023-09-11 06:32:17.967615+00:00	4	gladia	modelzoo	kbw1123a		cifar100	0.0012061360757797956	modelzoo.pl_modules.aes.pl_autoencoder.LightningAutoencoder	modelzoo.modules.aes.ae.VanillaAE	56627	56627	models/checkpoints/kbw1123a.ckpt.zip	0.0.1	615d83e2cda7de04a1404bb5392755df9a57dbb6	aes,ae,cifar100,run4
2023-09-11 06:57:53.561873+00:00	0	gladia	modelzoo	1y87dut8		mnist	0.004263162147253752	modelzoo.pl_modules.aes.pl_autoencoder.LightningAutoencoder	modelzoo.modules.aes.vae.VanillaVAE	54481	54481	models/checkpoints/1y87dut8.ckpt.zip	0.0.1	615d83e2cda7de04a1404bb5392755df9a57dbb6	aes,vae,mnist,run0
2023-09-11 07:40:37.936149+00:00	1	gladia	modelzoo	vdsyzh9s		mnist	0.0038554673083126545	modelzoo.pl_modules.aes.pl_autoencoder.LightningAutoencoder	modelzoo.modules.aes.vae.VanillaVAE	54481	54481	models/checkpoints/vdsyzh9s.ckpt.zip	0.0.1	615d83e2cda7de04a1404bb5392755df9a57dbb6	aes,vae,mnist,run1
2023-09-11 08:11:00.304739+00:00	2	gladia	modelzoo	nnv3h830		mnist	0.0038819198962301016	modelzoo.pl_modules.aes.pl_autoencoder.LightningAutoencoder	modelzoo.modules.aes.vae.VanillaVAE	54481	54481	models/checkpoints/nnv3h830.ckpt.zip	0.0.1	615d83e2cda7de04a1404bb5392755df9a57dbb6	aes,vae,mnist,run2
2023-09-11 08:23:39.889627+00:00	3	gladia	modelzoo	1s12zfj5		mnist	0.0040048290975391865	modelzoo.pl_modules.aes.pl_autoencoder.LightningAutoencoder	modelzoo.modules.aes.vae.VanillaVAE	54481	54481	models/checkpoints/1s12zfj5.ckpt.zip	0.0.1	615d83e2cda7de04a1404bb5392755df9a57dbb6	aes,vae,mnist,run3
2023-09-11 08:44:48.422943+00:00	4	gladia	modelzoo	0p8sg4ug		mnist	0.0043385750614106655	modelzoo.pl_modules.aes.pl_autoencoder.LightningAutoencoder	modelzoo.modules.aes.vae.VanillaVAE	54481	54481	models/checkpoints/0p8sg4ug.ckpt.zip	0.0.1	615d83e2cda7de04a1404bb5392755df9a57dbb6	aes,vae,mnist,run4
2023-09-11 09:07:24.366012+00:00	0	gladia	modelzoo	0bms7kdz		fashion_mnist	0.013176791369915009	modelzoo.pl_modules.aes.pl_autoencoder.LightningAutoencoder	modelzoo.modules.aes.vae.VanillaVAE	54481	54481	models/checkpoints/0bms7kdz.ckpt.zip	0.0.1	615d83e2cda7de04a1404bb5392755df9a57dbb6	aes,vae,fmnist,run0
2023-09-11 09:29:45.655635+00:00	1	gladia	modelzoo	c540aw83		fashion_mnist	0.01298452727496624	modelzoo.pl_modules.aes.pl_autoencoder.LightningAutoencoder	modelzoo.modules.aes.vae.VanillaVAE	54481	54481	models/checkpoints/c540aw83.ckpt.zip	0.0.1	615d83e2cda7de04a1404bb5392755df9a57dbb6	aes,vae,fmnist,run1
2023-09-11 10:42:19.153928+00:00	2	gladia	modelzoo	4lxf5uti		fashion_mnist	0.011616015806794167	modelzoo.pl_modules.aes.pl_autoencoder.LightningAutoencoder	modelzoo.modules.aes.vae.VanillaVAE	54481	54481	models/checkpoints/4lxf5uti.ckpt.zip	0.0.1	615d83e2cda7de04a1404bb5392755df9a57dbb6	aes,vae,fmnist,run2
2023-09-11 11:36:37.297964+00:00	3	gladia	modelzoo	20v042ar		fashion_mnist	0.010605653747916222	modelzoo.pl_modules.aes.pl_autoencoder.LightningAutoencoder	modelzoo.modules.aes.vae.VanillaVAE	54481	54481	models/checkpoints/20v042ar.ckpt.zip	0.0.1	615d83e2cda7de04a1404bb5392755df9a57dbb6	aes,vae,fmnist,run3
2023-09-11 13:06:19.222151+00:00	4	gladia	modelzoo	s8g7wp7i		fashion_mnist	0.012869715690612793	modelzoo.pl_modules.aes.pl_autoencoder.LightningAutoencoder	modelzoo.modules.aes.vae.VanillaVAE	54481	54481	models/checkpoints/s8g7wp7i.ckpt.zip	0.0.1	615d83e2cda7de04a1404bb5392755df9a57dbb6	aes,vae,fmnist,run4
2023-09-11 13:48:44.838898+00:00	0	gladia	modelzoo	4be9iumt		cifar10	0.01239693071693182	modelzoo.pl_modules.aes.pl_autoencoder.LightningAutoencoder	modelzoo.modules.aes.vae.VanillaVAE	61267	61267	models/checkpoints/4be9iumt.ckpt.zip	0.0.1	615d83e2cda7de04a1404bb5392755df9a57dbb6	aes,vae,cifar10,run0
2023-09-11 14:09:38.405452+00:00	1	gladia	modelzoo	mzemky19		cifar10	0.012516193091869354	modelzoo.pl_modules.aes.pl_autoencoder.LightningAutoencoder	modelzoo.modules.aes.vae.VanillaVAE	61267	61267	models/checkpoints/mzemky19.ckpt.zip	0.0.1	615d83e2cda7de04a1404bb5392755df9a57dbb6	aes,vae,cifar10,run1
2023-09-11 14:57:48.536319+00:00	2	gladia	modelzoo	vuus116g		cifar10	0.012166359461843967	modelzoo.pl_modules.aes.pl_autoencoder.LightningAutoencoder	modelzoo.modules.aes.vae.VanillaVAE	61267	61267	models/checkpoints/vuus116g.ckpt.zip	0.0.1	615d83e2cda7de04a1404bb5392755df9a57dbb6	aes,vae,cifar10,run2
2023-09-11 15:35:20.781601+00:00	3	gladia	modelzoo	7ze6bxnu		cifar10	0.01225604210048914	modelzoo.pl_modules.aes.pl_autoencoder.LightningAutoencoder	modelzoo.modules.aes.vae.VanillaVAE	61267	61267	models/checkpoints/7ze6bxnu.ckpt.zip	0.0.1	615d83e2cda7de04a1404bb5392755df9a57dbb6	aes,vae,cifar10,run3
2023-09-11 16:01:30.189620+00:00	4	gladia	modelzoo	x351p5e7		cifar10	0.012273316271603107	modelzoo.pl_modules.aes.pl_autoencoder.LightningAutoencoder	modelzoo.modules.aes.vae.VanillaVAE	61267	61267	models/checkpoints/x351p5e7.ckpt.zip	0.0.1	615d83e2cda7de04a1404bb5392755df9a57dbb6	aes,vae,cifar10,run4
2023-09-11 16:27:30.101086+00:00	0	gladia	modelzoo	2f1jmztk		cifar100	0.012689095921814442	modelzoo.pl_modules.aes.pl_autoencoder.LightningAutoencoder	modelzoo.modules.aes.vae.VanillaVAE	61267	61267	models/checkpoints/2f1jmztk.ckpt.zip	0.0.1	615d83e2cda7de04a1404bb5392755df9a57dbb6	aes,vae,cifar100,run0
2023-09-11 17:10:29.989812+00:00	1	gladia	modelzoo	g6q7nj75		cifar100	0.012663057073950768	modelzoo.pl_modules.aes.pl_autoencoder.LightningAutoencoder	modelzoo.modules.aes.vae.VanillaVAE	61267	61267	models/checkpoints/g6q7nj75.ckpt.zip	0.0.1	615d83e2cda7de04a1404bb5392755df9a57dbb6	aes,vae,cifar100,run1
2023-09-11 17:37:29.902823+00:00	2	gladia	modelzoo	icf677az		cifar100	0.012744956649839878	modelzoo.pl_modules.aes.pl_autoencoder.LightningAutoencoder	modelzoo.modules.aes.vae.VanillaVAE	61267	61267	models/checkpoints/icf677az.ckpt.zip	0.0.1	615d83e2cda7de04a1404bb5392755df9a57dbb6	aes,vae,cifar100,run2
2023-09-11 18:20:32.707637+00:00	3	gladia	modelzoo	6caxc23g		cifar100	0.01277988776564598	modelzoo.pl_modules.aes.pl_autoencoder.LightningAutoencoder	modelzoo.modules.aes.vae.VanillaVAE	61267	61267	models/checkpoints/6caxc23g.ckpt.zip	0.0.1	615d83e2cda7de04a1404bb5392755df9a57dbb6	aes,vae,cifar100,run3
2023-09-11 18:46:32.597645+00:00	4	gladia	modelzoo	ggmtbygf		cifar100	0.012481092475354671	modelzoo.pl_modules.aes.pl_autoencoder.LightningAutoencoder	modelzoo.modules.aes.vae.VanillaVAE	61267	61267	models/checkpoints/ggmtbygf.ckpt.zip	0.0.1	615d83e2cda7de04a1404bb5392755df9a57dbb6	aes,vae,cifar100,run4
2023-09-11 19:28:52.390481+00:00	0	gladia	modelzoo	24qxb1hz		mnist	2.393451904936228e-05	modelzoo.pl_modules.aes.pl_autoencoder.LightningAutoencoder	modelzoo.modules.aes.ae.VanillaAE	1280721	1280721	models/checkpoints/24qxb1hz.ckpt.zip	0.0.1	615d83e2cda7de04a1404bb5392755df9a57dbb6	aes,linearized_ae,mnist,run0
2023-09-11 19:49:48.816837+00:00	1	gladia	modelzoo	1j2w66mv		mnist	7.196595834102482e-05	modelzoo.pl_modules.aes.pl_autoencoder.LightningAutoencoder	modelzoo.modules.aes.ae.VanillaAE	1280721	1280721	models/checkpoints/1j2w66mv.ckpt.zip	0.0.1	615d83e2cda7de04a1404bb5392755df9a57dbb6	aes,linearized_ae,mnist,run1
2023-09-11 20:24:20.277623+00:00	2	gladia	modelzoo	xotcfcsv		mnist	4.799693851964548e-05	modelzoo.pl_modules.aes.pl_autoencoder.LightningAutoencoder	modelzoo.modules.aes.ae.VanillaAE	1280721	1280721	models/checkpoints/xotcfcsv.ckpt.zip	0.0.1	615d83e2cda7de04a1404bb5392755df9a57dbb6	aes,linearized_ae,mnist,run2
2023-09-11 20:58:05.313506+00:00	3	gladia	modelzoo	169chxfl		mnist	3.690341327455826e-05	modelzoo.pl_modules.aes.pl_autoencoder.LightningAutoencoder	modelzoo.modules.aes.ae.VanillaAE	1280721	1280721	models/checkpoints/169chxfl.ckpt.zip	0.0.1	615d83e2cda7de04a1404bb5392755df9a57dbb6	aes,linearized_ae,mnist,run3
2023-09-11 21:41:14.969679+00:00	4	gladia	modelzoo	7xmzx3wi		mnist	2.7080030122306198e-05	modelzoo.pl_modules.aes.pl_autoencoder.LightningAutoencoder	modelzoo.modules.aes.ae.VanillaAE	1280721	1280721	models/checkpoints/7xmzx3wi.ckpt.zip	0.0.1	615d83e2cda7de04a1404bb5392755df9a57dbb6	aes,linearized_ae,mnist,run4
2023-09-11 22:26:45.775729+00:00	0	gladia	modelzoo	hlryi4zu		fashion_mnist	0.0002462094707880169	modelzoo.pl_modules.aes.pl_autoencoder.LightningAutoencoder	modelzoo.modules.aes.ae.VanillaAE	1280721	1280721	models/checkpoints/hlryi4zu.ckpt.zip	0.0.1	615d83e2cda7de04a1404bb5392755df9a57dbb6	aes,linearized_ae,fmnist,run0
2023-09-11 23:25:24.085833+00:00	1	gladia	modelzoo	wul4jt4y		fashion_mnist	9.14356714929454e-05	modelzoo.pl_modules.aes.pl_autoencoder.LightningAutoencoder	modelzoo.modules.aes.ae.VanillaAE	1280721	1280721	models/checkpoints/wul4jt4y.ckpt.zip	0.0.1	615d83e2cda7de04a1404bb5392755df9a57dbb6	aes,linearized_ae,fmnist,run1
2023-09-12 00:33:47.161724+00:00	2	gladia	modelzoo	jq56y8po		fashion_mnist	4.626504596672021e-05	modelzoo.pl_modules.aes.pl_autoencoder.LightningAutoencoder	modelzoo.modules.aes.ae.VanillaAE	1280721	1280721	models/checkpoints/jq56y8po.ckpt.zip	0.0.1	615d83e2cda7de04a1404bb5392755df9a57dbb6	aes,linearized_ae,fmnist,run2
2023-09-12 01:28:11.450609+00:00	3	gladia	modelzoo	r3f44vph		fashion_mnist	0.00022856063151266426	modelzoo.pl_modules.aes.pl_autoencoder.LightningAutoencoder	modelzoo.modules.aes.ae.VanillaAE	1280721	1280721	models/checkpoints/r3f44vph.ckpt.zip	0.0.1	615d83e2cda7de04a1404bb5392755df9a57dbb6	aes,linearized_ae,fmnist,run3
2023-09-12 02:09:14.994113+00:00	4	gladia	modelzoo	vg6pava5		fashion_mnist	0.00011906709551112726	modelzoo.pl_modules.aes.pl_autoencoder.LightningAutoencoder	modelzoo.modules.aes.ae.VanillaAE	1280721	1280721	models/checkpoints/vg6pava5.ckpt.zip	0.0.1	615d83e2cda7de04a1404bb5392755df9a57dbb6	aes,linearized_ae,fmnist,run4
2023-09-12 03:18:07.676799+00:00	0	gladia	modelzoo	0veazkye		cifar10	0.0012222958030179143	modelzoo.pl_modules.aes.pl_autoencoder.LightningAutoencoder	modelzoo.modules.aes.ae.VanillaAE	1287507	1287507	models/checkpoints/0veazkye.ckpt.zip	0.0.1	615d83e2cda7de04a1404bb5392755df9a57dbb6	aes,linearized_ae,cifar10,run0
2023-09-12 04:26:47.395544+00:00	1	gladia	modelzoo	4eozpwi5		cifar10	0.0012437575496733189	modelzoo.pl_modules.aes.pl_autoencoder.LightningAutoencoder	modelzoo.modules.aes.ae.VanillaAE	1287507	1287507	models/checkpoints/4eozpwi5.ckpt.zip	0.0.1	615d83e2cda7de04a1404bb5392755df9a57dbb6	aes,linearized_ae,cifar10,run1
2023-09-12 05:20:14.705014+00:00	2	gladia	modelzoo	xw8e4bdd		cifar10	0.00170199666172266	modelzoo.pl_modules.aes.pl_autoencoder.LightningAutoencoder	modelzoo.modules.aes.ae.VanillaAE	1287507	1287507	models/checkpoints/xw8e4bdd.ckpt.zip	0.0.1	615d83e2cda7de04a1404bb5392755df9a57dbb6	aes,linearized_ae,cifar10,run2
2023-09-12 06:13:55.515987+00:00	3	gladia	modelzoo	9z9lg133		cifar10	0.0011024435516446829	modelzoo.pl_modules.aes.pl_autoencoder.LightningAutoencoder	modelzoo.modules.aes.ae.VanillaAE	1287507	1287507	models/checkpoints/9z9lg133.ckpt.zip	0.0.1	615d83e2cda7de04a1404bb5392755df9a57dbb6	aes,linearized_ae,cifar10,run3
2023-09-12 07:18:08.227267+00:00	4	gladia	modelzoo	nquiklng		cifar10	0.0014637407148256898	modelzoo.pl_modules.aes.pl_autoencoder.LightningAutoencoder	modelzoo.modules.aes.ae.VanillaAE	1287507	1287507	models/checkpoints/nquiklng.ckpt.zip	0.0.1	615d83e2cda7de04a1404bb5392755df9a57dbb6	aes,linearized_ae,cifar10,run4
2023-09-12 08:11:39.682984+00:00	0	gladia	modelzoo	pkt0vfnx		cifar100	0.0015777922235429287	modelzoo.pl_modules.aes.pl_autoencoder.LightningAutoencoder	modelzoo.modules.aes.ae.VanillaAE	1287507	1287507	models/checkpoints/pkt0vfnx.ckpt.zip	0.0.1	615d83e2cda7de04a1404bb5392755df9a57dbb6	aes,linearized_ae,cifar100,run0
2023-09-12 09:25:51.167053+00:00	1	gladia	modelzoo	hn4jnl91		cifar100	0.001200675149448216	modelzoo.pl_modules.aes.pl_autoencoder.LightningAutoencoder	modelzoo.modules.aes.ae.VanillaAE	1287507	1287507	models/checkpoints/hn4jnl91.ckpt.zip	0.0.1	615d83e2cda7de04a1404bb5392755df9a57dbb6	aes,linearized_ae,cifar100,run1
2023-09-12 09:57:19.802085+00:00	2	gladia	modelzoo	z2dxej14		cifar100	0.0014410907169803977	modelzoo.pl_modules.aes.pl_autoencoder.LightningAutoencoder	modelzoo.modules.aes.ae.VanillaAE	1287507	1287507	models/checkpoints/z2dxej14.ckpt.zip	0.0.1	615d83e2cda7de04a1404bb5392755df9a57dbb6	aes,linearized_ae,cifar100,run2
2023-09-12 11:01:13.644598+00:00	3	gladia	modelzoo	5pnw58th		cifar100	0.0009715058258734643	modelzoo.pl_modules.aes.pl_autoencoder.LightningAutoencoder	modelzoo.modules.aes.ae.VanillaAE	1287507	1287507	models/checkpoints/5pnw58th.ckpt.zip	0.0.1	615d83e2cda7de04a1404bb5392755df9a57dbb6	aes,linearized_ae,cifar100,run3
2023-09-12 11:51:16.058690+00:00	4	gladia	modelzoo	z3vqav6f		cifar100	0.0014311473350971937	modelzoo.pl_modules.aes.pl_autoencoder.LightningAutoencoder	modelzoo.modules.aes.ae.VanillaAE	1287507	1287507	models/checkpoints/z3vqav6f.ckpt.zip	0.0.1	615d83e2cda7de04a1404bb5392755df9a57dbb6	aes,linearized_ae,cifar100,run4
2023-09-12 12:16:53.880252+00:00	0	gladia	modelzoo	mgahaywt		mnist	0.0045341625809669495	modelzoo.pl_modules.aes.pl_autoencoder.LightningAutoencoder	modelzoo.modules.aes.vae.VanillaVAE	1896161	1896161	models/checkpoints/mgahaywt.ckpt.zip	0.0.1	615d83e2cda7de04a1404bb5392755df9a57dbb6	aes,linearized_vae,mnist,run0
2023-09-12 12:47:17.131837+00:00	1	gladia	modelzoo	lkg3z4yy		mnist	0.004652222152799368	modelzoo.pl_modules.aes.pl_autoencoder.LightningAutoencoder	modelzoo.modules.aes.vae.VanillaVAE	1896161	1896161	models/checkpoints/lkg3z4yy.ckpt.zip	0.0.1	615d83e2cda7de04a1404bb5392755df9a57dbb6	aes,linearized_vae,mnist,run1
2023-09-12 13:14:14.261102+00:00	2	gladia	modelzoo	79kgvm3r		mnist	0.004681908059865236	modelzoo.pl_modules.aes.pl_autoencoder.LightningAutoencoder	modelzoo.modules.aes.vae.VanillaVAE	1896161	1896161	models/checkpoints/79kgvm3r.ckpt.zip	0.0.1	615d83e2cda7de04a1404bb5392755df9a57dbb6	aes,linearized_vae,mnist,run2
2023-09-12 13:45:04.600047+00:00	3	gladia	modelzoo	lf1qg34n		mnist	0.004613830707967281	modelzoo.pl_modules.aes.pl_autoencoder.LightningAutoencoder	modelzoo.modules.aes.vae.VanillaVAE	1896161	1896161	models/checkpoints/lf1qg34n.ckpt.zip	0.0.1	615d83e2cda7de04a1404bb5392755df9a57dbb6	aes,linearized_vae,mnist,run3
2023-09-12 14:24:15.871715+00:00	4	gladia	modelzoo	cpyr63o0		mnist	0.004624156281352043	modelzoo.pl_modules.aes.pl_autoencoder.LightningAutoencoder	modelzoo.modules.aes.vae.VanillaVAE	1896161	1896161	models/checkpoints/cpyr63o0.ckpt.zip	0.0.1	615d83e2cda7de04a1404bb5392755df9a57dbb6	aes,linearized_vae,mnist,run4
2023-09-12 15:13:35.901070+00:00	0	gladia	modelzoo	0jr93c9c		fashion_mnist	0.009414042346179485	modelzoo.pl_modules.aes.pl_autoencoder.LightningAutoencoder	modelzoo.modules.aes.vae.VanillaVAE	1896161	1896161	models/checkpoints/0jr93c9c.ckpt.zip	0.0.1	615d83e2cda7de04a1404bb5392755df9a57dbb6	aes,linearized_vae,fmnist,run0
2023-09-12 16:08:14.855584+00:00	1	gladia	modelzoo	0qbw03im		fashion_mnist	0.009402451105415821	modelzoo.pl_modules.aes.pl_autoencoder.LightningAutoencoder	modelzoo.modules.aes.vae.VanillaVAE	1896161	1896161	models/checkpoints/0qbw03im.ckpt.zip	0.0.1	615d83e2cda7de04a1404bb5392755df9a57dbb6	aes,linearized_vae,fmnist,run1
2023-09-12 16:58:54.422723+00:00	2	gladia	modelzoo	x0c25fsf		fashion_mnist	0.009427985176444054	modelzoo.pl_modules.aes.pl_autoencoder.LightningAutoencoder	modelzoo.modules.aes.vae.VanillaVAE	1896161	1896161	models/checkpoints/x0c25fsf.ckpt.zip	0.0.1	615d83e2cda7de04a1404bb5392755df9a57dbb6	aes,linearized_vae,fmnist,run2
2023-09-12 17:23:55.009082+00:00	3	gladia	modelzoo	82uj3cdt		fashion_mnist	0.00975942425429821	modelzoo.pl_modules.aes.pl_autoencoder.LightningAutoencoder	modelzoo.modules.aes.vae.VanillaVAE	1896161	1896161	models/checkpoints/82uj3cdt.ckpt.zip	0.0.1	615d83e2cda7de04a1404bb5392755df9a57dbb6	aes,linearized_vae,fmnist,run3
2023-09-12 18:10:16.694943+00:00	4	gladia	modelzoo	6byez002		fashion_mnist	0.009453881531953812	modelzoo.pl_modules.aes.pl_autoencoder.LightningAutoencoder	modelzoo.modules.aes.vae.VanillaVAE	1896161	1896161	models/checkpoints/6byez002.ckpt.zip	0.0.1	615d83e2cda7de04a1404bb5392755df9a57dbb6	aes,linearized_vae,fmnist,run4
2023-09-12 18:44:55.219564+00:00	0	gladia	modelzoo	x9od26ex		cifar10	0.012437965720891953	modelzoo.pl_modules.aes.pl_autoencoder.LightningAutoencoder	modelzoo.modules.aes.vae.VanillaVAE	1902947	1902947	models/checkpoints/x9od26ex.ckpt.zip	0.0.1	615d83e2cda7de04a1404bb5392755df9a57dbb6	aes,linearized_vae,cifar10,run0
2023-09-12 19:17:59.916247+00:00	1	gladia	modelzoo	o8xaaccv		cifar10	0.012441965751349926	modelzoo.pl_modules.aes.pl_autoencoder.LightningAutoencoder	modelzoo.modules.aes.vae.VanillaVAE	1902947	1902947	models/checkpoints/o8xaaccv.ckpt.zip	0.0.1	615d83e2cda7de04a1404bb5392755df9a57dbb6	aes,linearized_vae,cifar10,run1
2023-09-12 19:50:16.335945+00:00	2	gladia	modelzoo	ugr8m1mh		cifar10	0.012439546175301075	modelzoo.pl_modules.aes.pl_autoencoder.LightningAutoencoder	modelzoo.modules.aes.vae.VanillaVAE	1902947	1902947	models/checkpoints/ugr8m1mh.ckpt.zip	0.0.1	615d83e2cda7de04a1404bb5392755df9a57dbb6	aes,linearized_vae,cifar10,run2
2023-09-12 20:41:54.888890+00:00	3	gladia	modelzoo	4rxeqmgd		cifar10	0.012328214012086391	modelzoo.pl_modules.aes.pl_autoencoder.LightningAutoencoder	modelzoo.modules.aes.vae.VanillaVAE	1902947	1902947	models/checkpoints/4rxeqmgd.ckpt.zip	0.0.1	615d83e2cda7de04a1404bb5392755df9a57dbb6	aes,linearized_vae,cifar10,run3
2023-09-12 21:39:50.415894+00:00	4	gladia	modelzoo	7wzzlzlm		cifar10	0.012226744554936886	modelzoo.pl_modules.aes.pl_autoencoder.LightningAutoencoder	modelzoo.modules.aes.vae.VanillaVAE	1902947	1902947	models/checkpoints/7wzzlzlm.ckpt.zip	0.0.1	615d83e2cda7de04a1404bb5392755df9a57dbb6	aes,linearized_vae,cifar10,run4
2023-09-12 22:20:54.022716+00:00	0	gladia	modelzoo	zzonnlws		cifar100	0.0124110272154212	modelzoo.pl_modules.aes.pl_autoencoder.LightningAutoencoder	modelzoo.modules.aes.vae.VanillaVAE	1902947	1902947	models/checkpoints/zzonnlws.ckpt.zip	0.0.1	615d83e2cda7de04a1404bb5392755df9a57dbb6	aes,linearized_vae,cifar100,run0
2023-09-12 23:08:14.014415+00:00	1	gladia	modelzoo	52c9tsbo		cifar100	0.012515302747488022	modelzoo.pl_modules.aes.pl_autoencoder.LightningAutoencoder	modelzoo.modules.aes.vae.VanillaVAE	1902947	1902947	models/checkpoints/52c9tsbo.ckpt.zip	0.0.1	615d83e2cda7de04a1404bb5392755df9a57dbb6	aes,linearized_vae,cifar100,run1
2023-09-12 23:48:58.145612+00:00	2	gladia	modelzoo	ubvt9wka		cifar100	0.012464663945138454	modelzoo.pl_modules.aes.pl_autoencoder.LightningAutoencoder	modelzoo.modules.aes.vae.VanillaVAE	1902947	1902947	models/checkpoints/ubvt9wka.ckpt.zip	0.0.1	615d83e2cda7de04a1404bb5392755df9a57dbb6	aes,linearized_vae,cifar100,run2
2023-09-13 00:17:47.261035+00:00	3	gladia	modelzoo	8wl87ef1		cifar100	0.012735304422676563	modelzoo.pl_modules.aes.pl_autoencoder.LightningAutoencoder	modelzoo.modules.aes.vae.VanillaVAE	1902947	1902947	models/checkpoints/8wl87ef1.ckpt.zip	0.0.1	615d83e2cda7de04a1404bb5392755df9a57dbb6	aes,linearized_vae,cifar100,run3
2023-09-13 01:16:27.572810+00:00	4	gladia	modelzoo	zhh8y6sa		cifar100	0.012368641793727875	modelzoo.pl_modules.aes.pl_autoencoder.LightningAutoencoder	modelzoo.modules.aes.vae.VanillaVAE	1902947	1902947	models/checkpoints/zhh8y6sa.ckpt.zip	0.0.1	615d83e2cda7de04a1404bb5392755df9a57dbb6	aes,linearized_vae,cifar100,run4
2023-09-16 17:45:16.398299+00:00	0	gladia	modelzoo	obwxtanb		mnist	0.0013204441638663411	modelzoo.pl_modules.aes.pl_autoencoder.LightningAutoencoder	modelzoo.modules.aes.ae.VanillaAE	1282289	1282289	models/checkpoints/obwxtanb.ckpt.zip	0.0.1	a1f04a91689b7ba007d811214ded3651caacd370	aes,rel_linearized_ae,mnist,run0
2023-09-16 18:17:38.391417+00:00	1	gladia	modelzoo	1wwsprvz		mnist	0.0012189458357170224	modelzoo.pl_modules.aes.pl_autoencoder.LightningAutoencoder	modelzoo.modules.aes.ae.VanillaAE	1282289	1282289	models/checkpoints/1wwsprvz.ckpt.zip	0.0.1	a1f04a91689b7ba007d811214ded3651caacd370	aes,rel_linearized_ae,mnist,run1
2023-09-16 19:08:26.262786+00:00	2	gladia	modelzoo	53x2kqd0		mnist	0.0009111533290706575	modelzoo.pl_modules.aes.pl_autoencoder.LightningAutoencoder	modelzoo.modules.aes.ae.VanillaAE	1282289	1282289	models/checkpoints/53x2kqd0.ckpt.zip	0.0.1	a1f04a91689b7ba007d811214ded3651caacd370	aes,rel_linearized_ae,mnist,run2
2023-09-16 19:53:21.826890+00:00	3	gladia	modelzoo	jyf6arye		mnist	0.0008175448165275156	modelzoo.pl_modules.aes.pl_autoencoder.LightningAutoencoder	modelzoo.modules.aes.ae.VanillaAE	1282289	1282289	models/checkpoints/jyf6arye.ckpt.zip	0.0.1	a1f04a91689b7ba007d811214ded3651caacd370	aes,rel_linearized_ae,mnist,run3
2023-09-16 20:42:42.497307+00:00	4	gladia	modelzoo	ie123cwv		mnist	0.0008362098596990108	modelzoo.pl_modules.aes.pl_autoencoder.LightningAutoencoder	modelzoo.modules.aes.ae.VanillaAE	1282289	1282289	models/checkpoints/ie123cwv.ckpt.zip	0.0.1	a1f04a91689b7ba007d811214ded3651caacd370	aes,rel_linearized_ae,mnist,run4
2023-09-16 21:55:22.221384+00:00	0	gladia	modelzoo	d8kk0ruk		fashion_mnist	0.0037311420310288668	modelzoo.pl_modules.aes.pl_autoencoder.LightningAutoencoder	modelzoo.modules.aes.ae.VanillaAE	1282289	1282289	models/checkpoints/d8kk0ruk.ckpt.zip	0.0.1	a1f04a91689b7ba007d811214ded3651caacd370	aes,rel_linearized_ae,fmnist,run0
2023-09-16 23:38:01.698472+00:00	1	gladia	modelzoo	10k42qjn		fashion_mnist	0.0027013644576072693	modelzoo.pl_modules.aes.pl_autoencoder.LightningAutoencoder	modelzoo.modules.aes.ae.VanillaAE	1282289	1282289	models/checkpoints/10k42qjn.ckpt.zip	0.0.1	a1f04a91689b7ba007d811214ded3651caacd370	aes,rel_linearized_ae,fmnist,run1
2023-09-17 01:21:37.567128+00:00	2	gladia	modelzoo	5onu0q96		fashion_mnist	0.003281848505139351	modelzoo.pl_modules.aes.pl_autoencoder.LightningAutoencoder	modelzoo.modules.aes.ae.VanillaAE	1282289	1282289	models/checkpoints/5onu0q96.ckpt.zip	0.0.1	a1f04a91689b7ba007d811214ded3651caacd370	aes,rel_linearized_ae,fmnist,run2
2023-09-17 02:29:47.788810+00:00	3	gladia	modelzoo	96of25ci		fashion_mnist	0.0033495791722089052	modelzoo.pl_modules.aes.pl_autoencoder.LightningAutoencoder	modelzoo.modules.aes.ae.VanillaAE	1282289	1282289	models/checkpoints/96of25ci.ckpt.zip	0.0.1	a1f04a91689b7ba007d811214ded3651caacd370	aes,rel_linearized_ae,fmnist,run3
2023-09-17 03:27:18.996827+00:00	4	gladia	modelzoo	5rnz0biv		fashion_mnist	0.0043841577135026455	modelzoo.pl_modules.aes.pl_autoencoder.LightningAutoencoder	modelzoo.modules.aes.ae.VanillaAE	1282289	1282289	models/checkpoints/5rnz0biv.ckpt.zip	0.0.1	a1f04a91689b7ba007d811214ded3651caacd370	aes,rel_linearized_ae,fmnist,run4
2023-09-17 04:04:12.439346+00:00	0	gladia	modelzoo	g3ylqsjg		cifar10	0.0034690697211772203	modelzoo.pl_modules.aes.pl_autoencoder.LightningAutoencoder	modelzoo.modules.aes.ae.VanillaAE	1289075	1289075	models/checkpoints/g3ylqsjg.ckpt.zip	0.0.1	a1f04a91689b7ba007d811214ded3651caacd370	aes,rel_linearized_ae,cifar10,run0
2023-09-17 04:53:22.753676+00:00	1	gladia	modelzoo	nwk85tvl		cifar10	0.003074472537264228	modelzoo.pl_modules.aes.pl_autoencoder.LightningAutoencoder	modelzoo.modules.aes.ae.VanillaAE	1289075	1289075	models/checkpoints/nwk85tvl.ckpt.zip	0.0.1	a1f04a91689b7ba007d811214ded3651caacd370	aes,rel_linearized_ae,cifar10,run1
2023-09-17 05:54:48.542415+00:00	2	gladia	modelzoo	o8qscx2l		cifar10	0.0027626717928797007	modelzoo.pl_modules.aes.pl_autoencoder.LightningAutoencoder	modelzoo.modules.aes.ae.VanillaAE	1289075	1289075	models/checkpoints/o8qscx2l.ckpt.zip	0.0.1	a1f04a91689b7ba007d811214ded3651caacd370	aes,rel_linearized_ae,cifar10,run2
2023-09-17 06:49:48.320314+00:00	3	gladia	modelzoo	jwdqfauo		cifar10	0.003111566649749875	modelzoo.pl_modules.aes.pl_autoencoder.LightningAutoencoder	modelzoo.modules.aes.ae.VanillaAE	1289075	1289075	models/checkpoints/jwdqfauo.ckpt.zip	0.0.1	a1f04a91689b7ba007d811214ded3651caacd370	aes,rel_linearized_ae,cifar10,run3
2023-09-17 08:03:15.414795+00:00	4	gladia	modelzoo	klelanqu		cifar10	0.002828169846907258	modelzoo.pl_modules.aes.pl_autoencoder.LightningAutoencoder	modelzoo.modules.aes.ae.VanillaAE	1289075	1289075	models/checkpoints/klelanqu.ckpt.zip	0.0.1	a1f04a91689b7ba007d811214ded3651caacd370	aes,rel_linearized_ae,cifar10,run4
2023-09-17 08:46:58.544847+00:00	0	gladia	modelzoo	j3dvi5kp		cifar100	0.0035829825792461634	modelzoo.pl_modules.aes.pl_autoencoder.LightningAutoencoder	modelzoo.modules.aes.ae.VanillaAE	1289075	1289075	models/checkpoints/j3dvi5kp.ckpt.zip	0.0.1	a1f04a91689b7ba007d811214ded3651caacd370	aes,rel_linearized_ae,cifar100,run0
2023-09-17 09:50:47.666258+00:00	1	gladia	modelzoo	h0p60t90		cifar100	0.003317406866699457	modelzoo.pl_modules.aes.pl_autoencoder.LightningAutoencoder	modelzoo.modules.aes.ae.VanillaAE	1289075	1289075	models/checkpoints/h0p60t90.ckpt.zip	0.0.1	a1f04a91689b7ba007d811214ded3651caacd370	aes,rel_linearized_ae,cifar100,run1
2023-09-17 10:38:39.719357+00:00	2	gladia	modelzoo	iusyz1co		cifar100	0.0038288338109850883	modelzoo.pl_modules.aes.pl_autoencoder.LightningAutoencoder	modelzoo.modules.aes.ae.VanillaAE	1289075	1289075	models/checkpoints/iusyz1co.ckpt.zip	0.0.1	a1f04a91689b7ba007d811214ded3651caacd370	aes,rel_linearized_ae,cifar100,run2
2023-09-17 11:26:13.626059+00:00	3	gladia	modelzoo	fd1rgbxu		cifar100	0.003532992210239172	modelzoo.pl_modules.aes.pl_autoencoder.LightningAutoencoder	modelzoo.modules.aes.ae.VanillaAE	1289075	1289075	models/checkpoints/fd1rgbxu.ckpt.zip	0.0.1	a1f04a91689b7ba007d811214ded3651caacd370	aes,rel_linearized_ae,cifar100,run3
2023-09-17 12:19:27.871895+00:00	4	gladia	modelzoo	991dtw0q		cifar100	0.003566700266674161	modelzoo.pl_modules.aes.pl_autoencoder.LightningAutoencoder	modelzoo.modules.aes.ae.VanillaAE	1289075	1289075	models/checkpoints/991dtw0q.ckpt.zip	0.0.1	a1f04a91689b7ba007d811214ded3651caacd370	aes,rel_linearized_ae,cifar100,run4
2023-09-17 13:07:06.338759+00:00	0	gladia	modelzoo	3ykc0qfy		mnist	0.004555052611976862	modelzoo.pl_modules.aes.pl_autoencoder.LightningAutoencoder	modelzoo.modules.aes.vae.VanillaVAE	1896161	1896161	models/checkpoints/3ykc0qfy.ckpt.zip	0.0.1	a1f04a91689b7ba007d811214ded3651caacd370	aes,rel_linearized_vae,mnist,run0
2023-09-17 13:32:03.657565+00:00	1	gladia	modelzoo	tbzjp3x5		mnist	0.004725836217403412	modelzoo.pl_modules.aes.pl_autoencoder.LightningAutoencoder	modelzoo.modules.aes.vae.VanillaVAE	1896161	1896161	models/checkpoints/tbzjp3x5.ckpt.zip	0.0.1	a1f04a91689b7ba007d811214ded3651caacd370	aes,rel_linearized_vae,mnist,run1
2023-09-17 13:52:16.568126+00:00	2	gladia	modelzoo	w0x6gr9o		mnist	0.00479707820340991	modelzoo.pl_modules.aes.pl_autoencoder.LightningAutoencoder	modelzoo.modules.aes.vae.VanillaVAE	1896161	1896161	models/checkpoints/w0x6gr9o.ckpt.zip	0.0.1	a1f04a91689b7ba007d811214ded3651caacd370	aes,rel_linearized_vae,mnist,run2
2023-09-17 14:12:42.305226+00:00	3	gladia	modelzoo	rmjk7yix		mnist	0.0046519506722688675	modelzoo.pl_modules.aes.pl_autoencoder.LightningAutoencoder	modelzoo.modules.aes.vae.VanillaVAE	1896161	1896161	models/checkpoints/rmjk7yix.ckpt.zip	0.0.1	a1f04a91689b7ba007d811214ded3651caacd370	aes,rel_linearized_vae,mnist,run3
2023-09-17 14:33:27.991974+00:00	4	gladia	modelzoo	gh754le6		mnist	0.004665701184421778	modelzoo.pl_modules.aes.pl_autoencoder.LightningAutoencoder	modelzoo.modules.aes.vae.VanillaVAE	1896161	1896161	models/checkpoints/gh754le6.ckpt.zip	0.0.1	a1f04a91689b7ba007d811214ded3651caacd370	aes,rel_linearized_vae,mnist,run4
2023-09-17 15:26:02.628045+00:00	0	gladia	modelzoo	u5b3kwze		fashion_mnist	0.009391363710165024	modelzoo.pl_modules.aes.pl_autoencoder.LightningAutoencoder	modelzoo.modules.aes.vae.VanillaVAE	1896161	1896161	models/checkpoints/u5b3kwze.ckpt.zip	0.0.1	a1f04a91689b7ba007d811214ded3651caacd370	aes,rel_linearized_vae,fmnist,run0
2023-09-17 16:28:25.833795+00:00	1	gladia	modelzoo	mlulmzip		fashion_mnist	0.009356538765132427	modelzoo.pl_modules.aes.pl_autoencoder.LightningAutoencoder	modelzoo.modules.aes.vae.VanillaVAE	1896161	1896161	models/checkpoints/mlulmzip.ckpt.zip	0.0.1	a1f04a91689b7ba007d811214ded3651caacd370	aes,rel_linearized_vae,fmnist,run1
2023-09-17 17:34:42.504094+00:00	2	gladia	modelzoo	ycm2vub1		fashion_mnist	0.009340183809399605	modelzoo.pl_modules.aes.pl_autoencoder.LightningAutoencoder	modelzoo.modules.aes.vae.VanillaVAE	1896161	1896161	models/checkpoints/ycm2vub1.ckpt.zip	0.0.1	a1f04a91689b7ba007d811214ded3651caacd370	aes,rel_linearized_vae,fmnist,run2
2023-09-17 18:01:21.280975+00:00	3	gladia	modelzoo	smjff9yy		fashion_mnist	0.00968195591121912	modelzoo.pl_modules.aes.pl_autoencoder.LightningAutoencoder	modelzoo.modules.aes.vae.VanillaVAE	1896161	1896161	models/checkpoints/smjff9yy.ckpt.zip	0.0.1	a1f04a91689b7ba007d811214ded3651caacd370	aes,rel_linearized_vae,fmnist,run3
2023-09-17 18:53:26.252673+00:00	4	gladia	modelzoo	fzep1dfi		fashion_mnist	0.00940400455147028	modelzoo.pl_modules.aes.pl_autoencoder.LightningAutoencoder	modelzoo.modules.aes.vae.VanillaVAE	1896161	1896161	models/checkpoints/fzep1dfi.ckpt.zip	0.0.1	a1f04a91689b7ba007d811214ded3651caacd370	aes,rel_linearized_vae,fmnist,run4
2023-09-17 19:47:51.444430+00:00	0	gladia	modelzoo	00mujlmk		cifar10	0.012248186394572258	modelzoo.pl_modules.aes.pl_autoencoder.LightningAutoencoder	modelzoo.modules.aes.vae.VanillaVAE	1902947	1902947	models/checkpoints/00mujlmk.ckpt.zip	0.0.1	a1f04a91689b7ba007d811214ded3651caacd370	aes,rel_linearized_vae,cifar10,run0
2023-09-17 20:24:45.629934+00:00	1	gladia	modelzoo	vzpx2s8w		cifar10	0.012431051582098007	modelzoo.pl_modules.aes.pl_autoencoder.LightningAutoencoder	modelzoo.modules.aes.vae.VanillaVAE	1902947	1902947	models/checkpoints/vzpx2s8w.ckpt.zip	0.0.1	a1f04a91689b7ba007d811214ded3651caacd370	aes,rel_linearized_vae,cifar10,run1
2023-09-17 21:07:39.904604+00:00	2	gladia	modelzoo	a7nj131n		cifar10	0.01225239597260952	modelzoo.pl_modules.aes.pl_autoencoder.LightningAutoencoder	modelzoo.modules.aes.vae.VanillaVAE	1902947	1902947	models/checkpoints/a7nj131n.ckpt.zip	0.0.1	a1f04a91689b7ba007d811214ded3651caacd370	aes,rel_linearized_vae,cifar10,run2
2023-09-17 22:02:28.466891+00:00	3	gladia	modelzoo	u2dsofue		cifar10	0.012252322398126125	modelzoo.pl_modules.aes.pl_autoencoder.LightningAutoencoder	modelzoo.modules.aes.vae.VanillaVAE	1902947	1902947	models/checkpoints/u2dsofue.ckpt.zip	0.0.1	a1f04a91689b7ba007d811214ded3651caacd370	aes,rel_linearized_vae,cifar10,run3
2023-09-17 22:39:47.658375+00:00	4	gladia	modelzoo	3nyet4hq		cifar10	0.012383278459310532	modelzoo.pl_modules.aes.pl_autoencoder.LightningAutoencoder	modelzoo.modules.aes.vae.VanillaVAE	1902947	1902947	models/checkpoints/3nyet4hq.ckpt.zip	0.0.1	a1f04a91689b7ba007d811214ded3651caacd370	aes,rel_linearized_vae,cifar10,run4
2023-09-17 23:22:48.356023+00:00	0	gladia	modelzoo	wd5xodtx		cifar100	0.012415594421327114	modelzoo.pl_modules.aes.pl_autoencoder.LightningAutoencoder	modelzoo.modules.aes.vae.VanillaVAE	1902947	1902947	models/checkpoints/wd5xodtx.ckpt.zip	0.0.1	a1f04a91689b7ba007d811214ded3651caacd370	aes,rel_linearized_vae,cifar100,run0
2023-09-18 00:11:32.970150+00:00	1	gladia	modelzoo	n4zapkr4		cifar100	0.012491223402321339	modelzoo.pl_modules.aes.pl_autoencoder.LightningAutoencoder	modelzoo.modules.aes.vae.VanillaVAE	1902947	1902947	models/checkpoints/n4zapkr4.ckpt.zip	0.0.1	a1f04a91689b7ba007d811214ded3651caacd370	aes,rel_linearized_vae,cifar100,run1
2023-09-18 00:59:47.946680+00:00	2	gladia	modelzoo	452litqe		cifar100	0.012430387549102306	modelzoo.pl_modules.aes.pl_autoencoder.LightningAutoencoder	modelzoo.modules.aes.vae.VanillaVAE	1902947	1902947	models/checkpoints/452litqe.ckpt.zip	0.0.1	a1f04a91689b7ba007d811214ded3651caacd370	aes,rel_linearized_vae,cifar100,run2
2023-09-18 01:30:44.412241+00:00	3	gladia	modelzoo	s3ko83sa		cifar100	0.0127016706392169	modelzoo.pl_modules.aes.pl_autoencoder.LightningAutoencoder	modelzoo.modules.aes.vae.VanillaVAE	1902947	1902947	models/checkpoints/s3ko83sa.ckpt.zip	0.0.1	a1f04a91689b7ba007d811214ded3651caacd370	aes,rel_linearized_vae,cifar100,run3
2023-09-18 02:01:59.482916+00:00	4	gladia	modelzoo	sl9pfryw		cifar100	0.012693694792687893	modelzoo.pl_modules.aes.pl_autoencoder.LightningAutoencoder	modelzoo.modules.aes.vae.VanillaVAE	1902947	1902947	models/checkpoints/sl9pfryw.ckpt.zip	0.0.1	a1f04a91689b7ba007d811214ded3651caacd370	aes,rel_linearized_vae,cifar100,run4
2023-11-15 14:06:01.872649+00:00	0	gladia	modelzoo	dvbbtl52		cifar100	0.0071969046257436275	modelzoo.pl_modules.aes.pl_autoencoder.LightningAutoencoder	modelzoo.modules.aes.ae.VanillaAE	3757107	3757107	models/checkpoints/dvbbtl52.ckpt.zip	0.0.1	82348efb363e9849ae75d0fe13ddf682ff2afdc6	bridge,rel,aes,relbridge_all_ae,cifar100,run0
2023-11-15 15:20:52.120355+00:00	0	gladia	modelzoo	7exu7nhr		cifar100	0.004252743907272816	modelzoo.pl_modules.aes.pl_autoencoder.LightningAutoencoder	modelzoo.modules.aes.ae.VanillaAE	1906083	1906083	models/checkpoints/7exu7nhr.ckpt.zip	0.0.1	82348efb363e9849ae75d0fe13ddf682ff2afdc6	bridge,rel,aes,relbridge_cosine_ae,cifar100,run0
2023-11-15 17:07:29.140397+00:00	0	gladia	modelzoo	a7k8n4vt		cifar100	0.006126285996288061	modelzoo.pl_modules.aes.pl_autoencoder.LightningAutoencoder	modelzoo.modules.aes.ae.VanillaAE	1906083	1906083	models/checkpoints/a7k8n4vt.ckpt.zip	0.0.1	82348efb363e9849ae75d0fe13ddf682ff2afdc6	bridge,rel,aes,relbridge_euclidean_ae,cifar100,run0
2023-11-15 17:35:26.186353+00:00	0	gladia	modelzoo	ybsbd1i8		cifar100	0.008631164208054543	modelzoo.pl_modules.aes.pl_autoencoder.LightningAutoencoder	modelzoo.modules.aes.ae.VanillaAE	1906083	1906083	models/checkpoints/ybsbd1i8.ckpt.zip	0.0.1	82348efb363e9849ae75d0fe13ddf682ff2afdc6	bridge,rel,aes,relbridge_l1_ae,cifar100,run0
2023-11-15 17:57:27.282331+00:00	0	gladia	modelzoo	b2n6n09s		cifar100	0.023201366886496544	modelzoo.pl_modules.aes.pl_autoencoder.LightningAutoencoder	modelzoo.modules.aes.ae.VanillaAE	1906083	1906083	models/checkpoints/b2n6n09s.ckpt.zip	0.0.1	82348efb363e9849ae75d0fe13ddf682ff2afdc6	bridge,rel,aes,relbridge_linf_ae,cifar100,run0
2023-11-15 19:07:12.427167+00:00	0	gladia	modelzoo	djumgzpk		cifar100	0.000780191388912499	modelzoo.pl_modules.aes.pl_autoencoder.LightningAutoencoder	modelzoo.modules.aes.ae.VanillaAE	1289075	1289075	models/checkpoints/djumgzpk.ckpt.zip	0.0.1	82348efb363e9849ae75d0fe13ddf682ff2afdc6	bridge,rel,aes,relbridge_none_ae,cifar100,run0
2023-11-15 19:46:04.074809+00:00	1	gladia	modelzoo	94gp5qoq		cifar100	0.005635756999254227	modelzoo.pl_modules.aes.pl_autoencoder.LightningAutoencoder	modelzoo.modules.aes.ae.VanillaAE	3757107	3757107	models/checkpoints/94gp5qoq.ckpt.zip	0.0.1	82348efb363e9849ae75d0fe13ddf682ff2afdc6	bridge,rel,aes,relbridge_all_ae,cifar100,run1
2023-11-15 21:01:02.986106+00:00	1	gladia	modelzoo	r70c6w53		cifar100	0.004719509277492762	modelzoo.pl_modules.aes.pl_autoencoder.LightningAutoencoder	modelzoo.modules.aes.ae.VanillaAE	1906083	1906083	models/checkpoints/r70c6w53.ckpt.zip	0.0.1	82348efb363e9849ae75d0fe13ddf682ff2afdc6	bridge,rel,aes,relbridge_cosine_ae,cifar100,run1
2023-11-15 22:42:02.542956+00:00	1	gladia	modelzoo	t5qz6hpv		cifar100	0.005928466096520424	modelzoo.pl_modules.aes.pl_autoencoder.LightningAutoencoder	modelzoo.modules.aes.ae.VanillaAE	1906083	1906083	models/checkpoints/t5qz6hpv.ckpt.zip	0.0.1	82348efb363e9849ae75d0fe13ddf682ff2afdc6	bridge,rel,aes,relbridge_euclidean_ae,cifar100,run1
2023-11-15 23:15:01.800483+00:00	1	gladia	modelzoo	x2t8ejzv		cifar100	0.007638504728674889	modelzoo.pl_modules.aes.pl_autoencoder.LightningAutoencoder	modelzoo.modules.aes.ae.VanillaAE	1906083	1906083	models/checkpoints/x2t8ejzv.ckpt.zip	0.0.1	82348efb363e9849ae75d0fe13ddf682ff2afdc6	bridge,rel,aes,relbridge_l1_ae,cifar100,run1
2023-11-15 23:37:16.619035+00:00	1	gladia	modelzoo	6t3952mt		cifar100	0.026053838431835175	modelzoo.pl_modules.aes.pl_autoencoder.LightningAutoencoder	modelzoo.modules.aes.ae.VanillaAE	1906083	1906083	models/checkpoints/6t3952mt.ckpt.zip	0.0.1	82348efb363e9849ae75d0fe13ddf682ff2afdc6	bridge,rel,aes,relbridge_linf_ae,cifar100,run1
2023-11-16 00:51:44.902254+00:00	1	gladia	modelzoo	akusetbw		cifar100	0.0007332851528190076	modelzoo.pl_modules.aes.pl_autoencoder.LightningAutoencoder	modelzoo.modules.aes.ae.VanillaAE	1289075	1289075	models/checkpoints/akusetbw.ckpt.zip	0.0.1	82348efb363e9849ae75d0fe13ddf682ff2afdc6	bridge,rel,aes,relbridge_none_ae,cifar100,run1
2023-11-16 01:20:12.662164+00:00	2	gladia	modelzoo	z8mvsoo7		cifar100	0.006514708511531353	modelzoo.pl_modules.aes.pl_autoencoder.LightningAutoencoder	modelzoo.modules.aes.ae.VanillaAE	3757107	3757107	models/checkpoints/z8mvsoo7.ckpt.zip	0.0.1	82348efb363e9849ae75d0fe13ddf682ff2afdc6	bridge,rel,aes,relbridge_all_ae,cifar100,run2
2023-11-16 01:47:51.450505+00:00	2	gladia	modelzoo	535owccz		cifar100	0.005692563951015472	modelzoo.pl_modules.aes.pl_autoencoder.LightningAutoencoder	modelzoo.modules.aes.ae.VanillaAE	1906083	1906083	models/checkpoints/535owccz.ckpt.zip	0.0.1	82348efb363e9849ae75d0fe13ddf682ff2afdc6	bridge,rel,aes,relbridge_cosine_ae,cifar100,run2
2023-11-16 03:35:00.166334+00:00	2	gladia	modelzoo	rjcnub4b		cifar100	0.006849975790828466	modelzoo.pl_modules.aes.pl_autoencoder.LightningAutoencoder	modelzoo.modules.aes.ae.VanillaAE	1906083	1906083	models/checkpoints/rjcnub4b.ckpt.zip	0.0.1	82348efb363e9849ae75d0fe13ddf682ff2afdc6	bridge,rel,aes,relbridge_euclidean_ae,cifar100,run2
2023-11-16 04:23:52.230941+00:00	2	gladia	modelzoo	ce11ynys		cifar100	0.007820775732398033	modelzoo.pl_modules.aes.pl_autoencoder.LightningAutoencoder	modelzoo.modules.aes.ae.VanillaAE	1906083	1906083	models/checkpoints/ce11ynys.ckpt.zip	0.0.1	82348efb363e9849ae75d0fe13ddf682ff2afdc6	bridge,rel,aes,relbridge_l1_ae,cifar100,run2
2023-11-16 04:40:23.350906+00:00	2	gladia	modelzoo	muwmeffi		cifar100	0.026065176352858543	modelzoo.pl_modules.aes.pl_autoencoder.LightningAutoencoder	modelzoo.modules.aes.ae.VanillaAE	1906083	1906083	models/checkpoints/muwmeffi.ckpt.zip	0.0.1	82348efb363e9849ae75d0fe13ddf682ff2afdc6	bridge,rel,aes,relbridge_linf_ae,cifar100,run2
2023-11-16 06:10:41.140532+00:00	2	gladia	modelzoo	0gqf8y7u		cifar100	0.0006914282566867769	modelzoo.pl_modules.aes.pl_autoencoder.LightningAutoencoder	modelzoo.modules.aes.ae.VanillaAE	1289075	1289075	models/checkpoints/0gqf8y7u.ckpt.zip	0.0.1	82348efb363e9849ae75d0fe13ddf682ff2afdc6	bridge,rel,aes,relbridge_none_ae,cifar100,run2
2023-11-16 06:44:19.378039+00:00	0	gladia	modelzoo	tvfnm3cs		fashion_mnist	0.0064766607247292995	modelzoo.pl_modules.aes.pl_autoencoder.LightningAutoencoder	modelzoo.modules.aes.ae.VanillaAE	3750321	3750321	models/checkpoints/tvfnm3cs.ckpt.zip	0.0.1	82348efb363e9849ae75d0fe13ddf682ff2afdc6	bridge,rel,aes,relbridge_all_ae,fmnist,run0
2023-11-16 07:17:35.727501+00:00	0	gladia	modelzoo	zzkpfsko		fashion_mnist	0.00841792393475771	modelzoo.pl_modules.aes.pl_autoencoder.LightningAutoencoder	modelzoo.modules.aes.ae.VanillaAE	1899297	1899297	models/checkpoints/zzkpfsko.ckpt.zip	0.0.1	82348efb363e9849ae75d0fe13ddf682ff2afdc6	bridge,rel,aes,relbridge_cosine_ae,fmnist,run0
2023-11-16 07:59:43.421353+00:00	0	gladia	modelzoo	kole4s0q		fashion_mnist	0.006556991022080183	modelzoo.pl_modules.aes.pl_autoencoder.LightningAutoencoder	modelzoo.modules.aes.ae.VanillaAE	1899297	1899297	models/checkpoints/kole4s0q.ckpt.zip	0.0.1	82348efb363e9849ae75d0fe13ddf682ff2afdc6	bridge,rel,aes,relbridge_euclidean_ae,fmnist,run0
2023-11-16 09:14:21.122493+00:00	0	gladia	modelzoo	jrp0kyne		fashion_mnist	0.004960884805768728	modelzoo.pl_modules.aes.pl_autoencoder.LightningAutoencoder	modelzoo.modules.aes.ae.VanillaAE	1899297	1899297	models/checkpoints/jrp0kyne.ckpt.zip	0.0.1	82348efb363e9849ae75d0fe13ddf682ff2afdc6	bridge,rel,aes,relbridge_l1_ae,fmnist,run0
2023-11-16 09:29:09.301703+00:00	0	gladia	modelzoo	ox894g6f		fashion_mnist	0.017856938764452934	modelzoo.pl_modules.aes.pl_autoencoder.LightningAutoencoder	modelzoo.modules.aes.ae.VanillaAE	1899297	1899297	models/checkpoints/ox894g6f.ckpt.zip	0.0.1	82348efb363e9849ae75d0fe13ddf682ff2afdc6	bridge,rel,aes,relbridge_linf_ae,fmnist,run0
2023-11-16 10:30:26.421595+00:00	0	gladia	modelzoo	yj6p0tyh		fashion_mnist	6.235719047253951e-05	modelzoo.pl_modules.aes.pl_autoencoder.LightningAutoencoder	modelzoo.modules.aes.ae.VanillaAE	1282289	1282289	models/checkpoints/yj6p0tyh.ckpt.zip	0.0.1	82348efb363e9849ae75d0fe13ddf682ff2afdc6	bridge,rel,aes,relbridge_none_ae,fmnist,run0
2023-11-16 10:55:23.304077+00:00	1	gladia	modelzoo	13o0i896		fashion_mnist	0.0073908851481974125	modelzoo.pl_modules.aes.pl_autoencoder.LightningAutoencoder	modelzoo.modules.aes.ae.VanillaAE	3750321	3750321	models/checkpoints/13o0i896.ckpt.zip	0.0.1	82348efb363e9849ae75d0fe13ddf682ff2afdc6	bridge,rel,aes,relbridge_all_ae,fmnist,run1
2023-11-16 11:20:16.407671+00:00	1	gladia	modelzoo	z4py97sm		fashion_mnist	0.008707881905138493	modelzoo.pl_modules.aes.pl_autoencoder.LightningAutoencoder	modelzoo.modules.aes.ae.VanillaAE	1899297	1899297	models/checkpoints/z4py97sm.ckpt.zip	0.0.1	82348efb363e9849ae75d0fe13ddf682ff2afdc6	bridge,rel,aes,relbridge_cosine_ae,fmnist,run1
2023-11-16 12:20:55.710480+00:00	1	gladia	modelzoo	bibkagvi		fashion_mnist	0.0048565128818154335	modelzoo.pl_modules.aes.pl_autoencoder.LightningAutoencoder	modelzoo.modules.aes.ae.VanillaAE	1899297	1899297	models/checkpoints/bibkagvi.ckpt.zip	0.0.1	82348efb363e9849ae75d0fe13ddf682ff2afdc6	bridge,rel,aes,relbridge_euclidean_ae,fmnist,run1
2023-11-16 12:58:50.318632+00:00	1	gladia	modelzoo	98hte423		fashion_mnist	0.004396946169435978	modelzoo.pl_modules.aes.pl_autoencoder.LightningAutoencoder	modelzoo.modules.aes.ae.VanillaAE	1899297	1899297	models/checkpoints/98hte423.ckpt.zip	0.0.1	82348efb363e9849ae75d0fe13ddf682ff2afdc6	bridge,rel,aes,relbridge_l1_ae,fmnist,run1
2023-11-16 13:37:02.040836+00:00	1	gladia	modelzoo	1vbsh9qi		fashion_mnist	0.02150449901819229	modelzoo.pl_modules.aes.pl_autoencoder.LightningAutoencoder	modelzoo.modules.aes.ae.VanillaAE	1899297	1899297	models/checkpoints/1vbsh9qi.ckpt.zip	0.0.1	82348efb363e9849ae75d0fe13ddf682ff2afdc6	bridge,rel,aes,relbridge_linf_ae,fmnist,run1
2023-11-16 14:23:46.636816+00:00	1	gladia	modelzoo	ae298xn9		fashion_mnist	0.00011064446880482137	modelzoo.pl_modules.aes.pl_autoencoder.LightningAutoencoder	modelzoo.modules.aes.ae.VanillaAE	1282289	1282289	models/checkpoints/ae298xn9.ckpt.zip	0.0.1	82348efb363e9849ae75d0fe13ddf682ff2afdc6	bridge,rel,aes,relbridge_none_ae,fmnist,run1
2023-11-16 14:53:26.434106+00:00	2	gladia	modelzoo	gtfclotz		fashion_mnist	0.006643229629844427	modelzoo.pl_modules.aes.pl_autoencoder.LightningAutoencoder	modelzoo.modules.aes.ae.VanillaAE	3750321	3750321	models/checkpoints/gtfclotz.ckpt.zip	0.0.1	82348efb363e9849ae75d0fe13ddf682ff2afdc6	bridge,rel,aes,relbridge_all_ae,fmnist,run2
2023-11-16 15:45:21.577089+00:00	2	gladia	modelzoo	vd7nw4wc		fashion_mnist	0.007312581408768892	modelzoo.pl_modules.aes.pl_autoencoder.LightningAutoencoder	modelzoo.modules.aes.ae.VanillaAE	1899297	1899297	models/checkpoints/vd7nw4wc.ckpt.zip	0.0.1	82348efb363e9849ae75d0fe13ddf682ff2afdc6	bridge,rel,aes,relbridge_cosine_ae,fmnist,run2
2023-11-16 16:23:21.437162+00:00	2	gladia	modelzoo	wuz6y1an		fashion_mnist	0.00649874284863472	modelzoo.pl_modules.aes.pl_autoencoder.LightningAutoencoder	modelzoo.modules.aes.ae.VanillaAE	1899297	1899297	models/checkpoints/wuz6y1an.ckpt.zip	0.0.1	82348efb363e9849ae75d0fe13ddf682ff2afdc6	bridge,rel,aes,relbridge_euclidean_ae,fmnist,run2
2023-11-16 16:57:08.169655+00:00	2	gladia	modelzoo	i1nkiscv		fashion_mnist	0.005273868329823017	modelzoo.pl_modules.aes.pl_autoencoder.LightningAutoencoder	modelzoo.modules.aes.ae.VanillaAE	1899297	1899297	models/checkpoints/i1nkiscv.ckpt.zip	0.0.1	82348efb363e9849ae75d0fe13ddf682ff2afdc6	bridge,rel,aes,relbridge_l1_ae,fmnist,run2
2023-11-16 17:11:55.944317+00:00	2	gladia	modelzoo	brvxzpi7		fashion_mnist	0.016622288152575493	modelzoo.pl_modules.aes.pl_autoencoder.LightningAutoencoder	modelzoo.modules.aes.ae.VanillaAE	1899297	1899297	models/checkpoints/brvxzpi7.ckpt.zip	0.0.1	82348efb363e9849ae75d0fe13ddf682ff2afdc6	bridge,rel,aes,relbridge_linf_ae,fmnist,run2
2023-11-16 18:03:11.677005+00:00	2	gladia	modelzoo	ye5fum8d		fashion_mnist	0.00017245954950340092	modelzoo.pl_modules.aes.pl_autoencoder.LightningAutoencoder	modelzoo.modules.aes.ae.VanillaAE	1282289	1282289	models/checkpoints/ye5fum8d.ckpt.zip	0.0.1	82348efb363e9849ae75d0fe13ddf682ff2afdc6	bridge,rel,aes,relbridge_none_ae,fmnist,run2
2023-11-16 22:25:59.420264+00:00	0	gladia	modelzoo	x01pszpl		cifar100	0.006704077124595642	modelzoo.pl_modules.aes.pl_autoencoder.LightningAutoencoder	modelzoo.modules.aes.ae.VanillaAE	3140099	3140099	models/checkpoints/x01pszpl.ckpt.zip	0.0.1	4979578a75b9e20eb4593e59e27a40bb04014ada	bridge,rel,aes,relbridge_cos_eu_l1_ae,cifar100,run0
2023-11-17 00:13:53.770162+00:00	1	gladia	modelzoo	6wm6iw90		cifar100	0.004026057664304972	modelzoo.pl_modules.aes.pl_autoencoder.LightningAutoencoder	modelzoo.modules.aes.ae.VanillaAE	3140099	3140099	models/checkpoints/6wm6iw90.ckpt.zip	0.0.1	4979578a75b9e20eb4593e59e27a40bb04014ada	bridge,rel,aes,relbridge_cos_eu_l1_ae,cifar100,run1
2023-11-17 01:19:37.312781+00:00	2	gladia	modelzoo	ik08i3gp		cifar100	0.004563358146697283	modelzoo.pl_modules.aes.pl_autoencoder.LightningAutoencoder	modelzoo.modules.aes.ae.VanillaAE	3140099	3140099	models/checkpoints/ik08i3gp.ckpt.zip	0.0.1	4979578a75b9e20eb4593e59e27a40bb04014ada	bridge,rel,aes,relbridge_cos_eu_l1_ae,cifar100,run2
2023-11-17 02:06:11.820568+00:00	0	gladia	modelzoo	j8hd0wv0		fashion_mnist	0.005637792404741049	modelzoo.pl_modules.aes.pl_autoencoder.LightningAutoencoder	modelzoo.modules.aes.ae.VanillaAE	3133313	3133313	models/checkpoints/j8hd0wv0.ckpt.zip	0.0.1	4979578a75b9e20eb4593e59e27a40bb04014ada	bridge,rel,aes,relbridge_cos_eu_l1_ae,fmnist,run0
2023-11-17 02:39:26.241595+00:00	1	gladia	modelzoo	odaojxw4		fashion_mnist	0.005646475125104189	modelzoo.pl_modules.aes.pl_autoencoder.LightningAutoencoder	modelzoo.modules.aes.ae.VanillaAE	3133313	3133313	models/checkpoints/odaojxw4.ckpt.zip	0.0.1	4979578a75b9e20eb4593e59e27a40bb04014ada	bridge,rel,aes,relbridge_cos_eu_l1_ae,fmnist,run1
2023-11-17 03:26:13.886749+00:00	2	gladia	modelzoo	n19p3kto		fashion_mnist	0.005563460756093264	modelzoo.pl_modules.aes.pl_autoencoder.LightningAutoencoder	modelzoo.modules.aes.ae.VanillaAE	3133313	3133313	models/checkpoints/n19p3kto.ckpt.zip	0.0.1	4979578a75b9e20eb4593e59e27a40bb04014ada	bridge,rel,aes,relbridge_cos_eu_l1_ae,fmnist,run2
2023-11-17 10:42:10.138292+00:00	0	gladia	modelzoo	uf0o29z8		cifar100	0.004602163098752499	modelzoo.pl_modules.aes.pl_autoencoder.LightningAutoencoder	modelzoo.modules.aes.ae.VanillaAE	3757107	3757107	models/checkpoints/uf0o29z8.ckpt.zip	0.0.1	6128ad0392c5dd682c9b1a0bf0a72feac6e2e3b4	relative_encode_fix,bridge,rel,aes,relbridge_all_ae,cifar100,run0
2023-11-17 11:31:08.615579+00:00	1	gladia	modelzoo	6oftq9ya		cifar100	0.003916281741112471	modelzoo.pl_modules.aes.pl_autoencoder.LightningAutoencoder	modelzoo.modules.aes.ae.VanillaAE	3757107	3757107	models/checkpoints/6oftq9ya.ckpt.zip	0.0.1	6128ad0392c5dd682c9b1a0bf0a72feac6e2e3b4	relative_encode_fix,bridge,rel,aes,relbridge_all_ae,cifar100,run1
2023-11-17 13:18:43.769770+00:00	0	gladia	modelzoo	j1tkmjdp		cifar100	0.0031972769647836685	modelzoo.pl_modules.aes.pl_autoencoder.LightningAutoencoder	modelzoo.modules.aes.ae.VanillaAE	3140099	3140099	models/checkpoints/j1tkmjdp.ckpt.zip	0.0.1	6128ad0392c5dd682c9b1a0bf0a72feac6e2e3b4	relative_encode_fix,bridge,rel,aes,relbridge_cos_eu_l1_ae,cifar100,run0
2023-11-17 14:13:15.118245+00:00	1	gladia	modelzoo	utjblczq		cifar100	0.004570857156068087	modelzoo.pl_modules.aes.pl_autoencoder.LightningAutoencoder	modelzoo.modules.aes.ae.VanillaAE	3140099	3140099	models/checkpoints/utjblczq.ckpt.zip	0.0.1	6128ad0392c5dd682c9b1a0bf0a72feac6e2e3b4	relative_encode_fix,bridge,rel,aes,relbridge_cos_eu_l1_ae,cifar100,run1
2023-11-17 14:30:20.638615+00:00	0	gladia	modelzoo	ac7156p7		cifar100	0.006933142896741629	modelzoo.pl_modules.aes.pl_autoencoder.LightningAutoencoder	modelzoo.modules.aes.ae.VanillaAE	1906083	1906083	models/checkpoints/ac7156p7.ckpt.zip	0.0.1	6128ad0392c5dd682c9b1a0bf0a72feac6e2e3b4	relative_encode_fix,bridge,rel,aes,relbridge_cosine_ae,cifar100,run0
2023-11-17 15:29:51.284943+00:00	1	gladia	modelzoo	3ptve81k		cifar100	0.00529734930023551	modelzoo.pl_modules.aes.pl_autoencoder.LightningAutoencoder	modelzoo.modules.aes.ae.VanillaAE	1906083	1906083	models/checkpoints/3ptve81k.ckpt.zip	0.0.1	6128ad0392c5dd682c9b1a0bf0a72feac6e2e3b4	relative_encode_fix,bridge,rel,aes,relbridge_cosine_ae,cifar100,run1
2023-11-17 16:34:41.529528+00:00	0	gladia	modelzoo	vl3fvjr8		cifar100	0.005967292003333569	modelzoo.pl_modules.aes.pl_autoencoder.LightningAutoencoder	modelzoo.modules.aes.ae.VanillaAE	1906083	1906083	models/checkpoints/vl3fvjr8.ckpt.zip	0.0.1	6128ad0392c5dd682c9b1a0bf0a72feac6e2e3b4	relative_encode_fix,bridge,rel,aes,relbridge_euclidean_ae,cifar100,run0
2023-11-17 17:34:37.677108+00:00	1	gladia	modelzoo	rurp24k0		cifar100	0.005577329080551863	modelzoo.pl_modules.aes.pl_autoencoder.LightningAutoencoder	modelzoo.modules.aes.ae.VanillaAE	1906083	1906083	models/checkpoints/rurp24k0.ckpt.zip	0.0.1	6128ad0392c5dd682c9b1a0bf0a72feac6e2e3b4	relative_encode_fix,bridge,rel,aes,relbridge_euclidean_ae,cifar100,run1
2023-11-17 18:44:51.156620+00:00	0	gladia	modelzoo	gjrju8i0		cifar100	0.006152057088911533	modelzoo.pl_modules.aes.pl_autoencoder.LightningAutoencoder	modelzoo.modules.aes.ae.VanillaAE	1906083	1906083	models/checkpoints/gjrju8i0.ckpt.zip	0.0.1	6128ad0392c5dd682c9b1a0bf0a72feac6e2e3b4	relative_encode_fix,bridge,rel,aes,relbridge_l1_ae,cifar100,run0
2023-11-17 19:18:11.989505+00:00	1	gladia	modelzoo	81duawnx		cifar100	0.007286451756954193	modelzoo.pl_modules.aes.pl_autoencoder.LightningAutoencoder	modelzoo.modules.aes.ae.VanillaAE	1906083	1906083	models/checkpoints/81duawnx.ckpt.zip	0.0.1	6128ad0392c5dd682c9b1a0bf0a72feac6e2e3b4	relative_encode_fix,bridge,rel,aes,relbridge_l1_ae,cifar100,run1
2023-11-17 19:57:23.375640+00:00	0	gladia	modelzoo	eyfyli25		cifar100	0.025385521352291107	modelzoo.pl_modules.aes.pl_autoencoder.LightningAutoencoder	modelzoo.modules.aes.ae.VanillaAE	1906083	1906083	models/checkpoints/eyfyli25.ckpt.zip	0.0.1	6128ad0392c5dd682c9b1a0bf0a72feac6e2e3b4	relative_encode_fix,bridge,rel,aes,relbridge_linf_ae,cifar100,run0
2023-11-17 20:25:18.949580+00:00	1	gladia	modelzoo	3etdz31v		cifar100	0.022819185629487038	modelzoo.pl_modules.aes.pl_autoencoder.LightningAutoencoder	modelzoo.modules.aes.ae.VanillaAE	1906083	1906083	models/checkpoints/3etdz31v.ckpt.zip	0.0.1	6128ad0392c5dd682c9b1a0bf0a72feac6e2e3b4	relative_encode_fix,bridge,rel,aes,relbridge_linf_ae,cifar100,run1
2023-11-17 21:35:17.216604+00:00	0	gladia	modelzoo	0vns2k71		cifar100	0.0007626488222740591	modelzoo.pl_modules.aes.pl_autoencoder.LightningAutoencoder	modelzoo.modules.aes.ae.VanillaAE	1289075	1289075	models/checkpoints/0vns2k71.ckpt.zip	0.0.1	6128ad0392c5dd682c9b1a0bf0a72feac6e2e3b4	relative_encode_fix,bridge,rel,aes,relbridge_none_ae,cifar100,run0
2023-11-17 22:49:42.605615+00:00	1	gladia	modelzoo	8o518lqu		cifar100	0.0007443013018928468	modelzoo.pl_modules.aes.pl_autoencoder.LightningAutoencoder	modelzoo.modules.aes.ae.VanillaAE	1289075	1289075	models/checkpoints/8o518lqu.ckpt.zip	0.0.1	6128ad0392c5dd682c9b1a0bf0a72feac6e2e3b4	relative_encode_fix,bridge,rel,aes,relbridge_none_ae,cifar100,run1
2023-11-17 23:18:32.532246+00:00	0	gladia	modelzoo	r7aiivu0		fashion_mnist	0.006697065196931362	modelzoo.pl_modules.aes.pl_autoencoder.LightningAutoencoder	modelzoo.modules.aes.ae.VanillaAE	3750321	3750321	models/checkpoints/r7aiivu0.ckpt.zip	0.0.1	6128ad0392c5dd682c9b1a0bf0a72feac6e2e3b4	relative_encode_fix,bridge,rel,aes,relbridge_all_ae,fmnist,run0
2023-11-17 23:33:25.387051+00:00	1	gladia	modelzoo	uo1zz69m		fashion_mnist	0.0060910070315003395	modelzoo.pl_modules.aes.pl_autoencoder.LightningAutoencoder	modelzoo.modules.aes.ae.VanillaAE	3750321	3750321	models/checkpoints/uo1zz69m.ckpt.zip	0.0.1	6128ad0392c5dd682c9b1a0bf0a72feac6e2e3b4	relative_encode_fix,bridge,rel,aes,relbridge_all_ae,fmnist,run1
2023-11-18 01:06:01.063821+00:00	0	gladia	modelzoo	2rvd41uy		fashion_mnist	0.002974824048578739	modelzoo.pl_modules.aes.pl_autoencoder.LightningAutoencoder	modelzoo.modules.aes.ae.VanillaAE	3133313	3133313	models/checkpoints/2rvd41uy.ckpt.zip	0.0.1	6128ad0392c5dd682c9b1a0bf0a72feac6e2e3b4	relative_encode_fix,bridge,rel,aes,relbridge_cos_eu_l1_ae,fmnist,run0
2023-11-18 01:57:25.213652+00:00	1	gladia	modelzoo	ph7o8vp5		fashion_mnist	0.003503292566165328	modelzoo.pl_modules.aes.pl_autoencoder.LightningAutoencoder	modelzoo.modules.aes.ae.VanillaAE	3133313	3133313	models/checkpoints/ph7o8vp5.ckpt.zip	0.0.1	6128ad0392c5dd682c9b1a0bf0a72feac6e2e3b4	relative_encode_fix,bridge,rel,aes,relbridge_cos_eu_l1_ae,fmnist,run1
2023-11-18 02:56:57.470228+00:00	0	gladia	modelzoo	te6eqd4i		fashion_mnist	0.005335611291229725	modelzoo.pl_modules.aes.pl_autoencoder.LightningAutoencoder	modelzoo.modules.aes.ae.VanillaAE	1899297	1899297	models/checkpoints/te6eqd4i.ckpt.zip	0.0.1	6128ad0392c5dd682c9b1a0bf0a72feac6e2e3b4	relative_encode_fix,bridge,rel,aes,relbridge_cosine_ae,fmnist,run0
2023-11-18 04:28:09.944513+00:00	1	gladia	modelzoo	9fymbqqb		fashion_mnist	0.004669806454330683	modelzoo.pl_modules.aes.pl_autoencoder.LightningAutoencoder	modelzoo.modules.aes.ae.VanillaAE	1899297	1899297	models/checkpoints/9fymbqqb.ckpt.zip	0.0.1	6128ad0392c5dd682c9b1a0bf0a72feac6e2e3b4	relative_encode_fix,bridge,rel,aes,relbridge_cosine_ae,fmnist,run1
2023-11-18 05:59:10.309060+00:00	0	gladia	modelzoo	edvhgxfz		fashion_mnist	0.004103180952370167	modelzoo.pl_modules.aes.pl_autoencoder.LightningAutoencoder	modelzoo.modules.aes.ae.VanillaAE	1899297	1899297	models/checkpoints/edvhgxfz.ckpt.zip	0.0.1	6128ad0392c5dd682c9b1a0bf0a72feac6e2e3b4	relative_encode_fix,bridge,rel,aes,relbridge_euclidean_ae,fmnist,run0
2023-11-18 06:13:44.895125+00:00	1	gladia	modelzoo	d3z3fcb1		fashion_mnist	0.00705308374017477	modelzoo.pl_modules.aes.pl_autoencoder.LightningAutoencoder	modelzoo.modules.aes.ae.VanillaAE	1899297	1899297	models/checkpoints/d3z3fcb1.ckpt.zip	0.0.1	6128ad0392c5dd682c9b1a0bf0a72feac6e2e3b4	relative_encode_fix,bridge,rel,aes,relbridge_euclidean_ae,fmnist,run1
2023-11-18 06:37:41.098342+00:00	0	gladia	modelzoo	l999byuz		fashion_mnist	0.005414645187556744	modelzoo.pl_modules.aes.pl_autoencoder.LightningAutoencoder	modelzoo.modules.aes.ae.VanillaAE	1899297	1899297	models/checkpoints/l999byuz.ckpt.zip	0.0.1	6128ad0392c5dd682c9b1a0bf0a72feac6e2e3b4	relative_encode_fix,bridge,rel,aes,relbridge_l1_ae,fmnist,run0
2023-11-18 07:02:09.020905+00:00	1	gladia	modelzoo	7eu8pq23		fashion_mnist	0.0048457239754498005	modelzoo.pl_modules.aes.pl_autoencoder.LightningAutoencoder	modelzoo.modules.aes.ae.VanillaAE	1899297	1899297	models/checkpoints/7eu8pq23.ckpt.zip	0.0.1	6128ad0392c5dd682c9b1a0bf0a72feac6e2e3b4	relative_encode_fix,bridge,rel,aes,relbridge_l1_ae,fmnist,run1
2023-11-18 07:35:05.014983+00:00	0	gladia	modelzoo	q6rrp7bj		fashion_mnist	0.022891055792570114	modelzoo.pl_modules.aes.pl_autoencoder.LightningAutoencoder	modelzoo.modules.aes.ae.VanillaAE	1899297	1899297	models/checkpoints/q6rrp7bj.ckpt.zip	0.0.1	6128ad0392c5dd682c9b1a0bf0a72feac6e2e3b4	relative_encode_fix,bridge,rel,aes,relbridge_linf_ae,fmnist,run0
2023-11-18 07:54:51.449394+00:00	1	gladia	modelzoo	n8m4mt16		fashion_mnist	0.01955028809607029	modelzoo.pl_modules.aes.pl_autoencoder.LightningAutoencoder	modelzoo.modules.aes.ae.VanillaAE	1899297	1899297	models/checkpoints/n8m4mt16.ckpt.zip	0.0.1	6128ad0392c5dd682c9b1a0bf0a72feac6e2e3b4	relative_encode_fix,bridge,rel,aes,relbridge_linf_ae,fmnist,run1
2023-11-18 08:55:01.239866+00:00	0	gladia	modelzoo	udphvbkw		fashion_mnist	6.419052806450054e-05	modelzoo.pl_modules.aes.pl_autoencoder.LightningAutoencoder	modelzoo.modules.aes.ae.VanillaAE	1282289	1282289	models/checkpoints/udphvbkw.ckpt.zip	0.0.1	6128ad0392c5dd682c9b1a0bf0a72feac6e2e3b4	relative_encode_fix,bridge,rel,aes,relbridge_none_ae,fmnist,run0
2023-11-18 09:46:33.962872+00:00	1	gladia	modelzoo	dmi8xgzm		fashion_mnist	8.58429993968457e-05	modelzoo.pl_modules.aes.pl_autoencoder.LightningAutoencoder	modelzoo.modules.aes.ae.VanillaAE	1282289	1282289	models/checkpoints/dmi8xgzm.ckpt.zip	0.0.1	6128ad0392c5dd682c9b1a0bf0a72feac6e2e3b4	relative_encode_fix,bridge,rel,aes,relbridge_none_ae,fmnist,run1
2023-11-18 11:02:53.913734+00:00	0	gladia	modelzoo	gifb4the		cifar10	0.0031189145520329475	modelzoo.pl_modules.aes.pl_autoencoder.LightningAutoencoder	modelzoo.modules.aes.ae.VanillaAE	3757107	3757107	models/checkpoints/gifb4the.ckpt.zip	0.0.1	6128ad0392c5dd682c9b1a0bf0a72feac6e2e3b4	relative_encode_fix,bridge,rel,aes,relbridge_all_ae,cifar10,run0
2023-11-18 12:19:26.356158+00:00	1	gladia	modelzoo	o63vvve5		cifar10	0.0034514220897108316	modelzoo.pl_modules.aes.pl_autoencoder.LightningAutoencoder	modelzoo.modules.aes.ae.VanillaAE	3757107	3757107	models/checkpoints/o63vvve5.ckpt.zip	0.0.1	6128ad0392c5dd682c9b1a0bf0a72feac6e2e3b4	relative_encode_fix,bridge,rel,aes,relbridge_all_ae,cifar10,run1
2023-11-18 14:06:56.664976+00:00	0	gladia	modelzoo	9v5cy9jj		cifar10	0.0030580954626202583	modelzoo.pl_modules.aes.pl_autoencoder.LightningAutoencoder	modelzoo.modules.aes.ae.VanillaAE	3140099	3140099	models/checkpoints/9v5cy9jj.ckpt.zip	0.0.1	6128ad0392c5dd682c9b1a0bf0a72feac6e2e3b4	relative_encode_fix,bridge,rel,aes,relbridge_cos_eu_l1_ae,cifar10,run0
2023-11-18 15:45:02.948616+00:00	1	gladia	modelzoo	rsqzyvyr		cifar10	0.0030105281621217728	modelzoo.pl_modules.aes.pl_autoencoder.LightningAutoencoder	modelzoo.modules.aes.ae.VanillaAE	3140099	3140099	models/checkpoints/rsqzyvyr.ckpt.zip	0.0.1	6128ad0392c5dd682c9b1a0bf0a72feac6e2e3b4	relative_encode_fix,bridge,rel,aes,relbridge_cos_eu_l1_ae,cifar10,run1
2023-11-18 16:18:08.040947+00:00	0	gladia	modelzoo	ss3vcutw		cifar10	0.003923036158084869	modelzoo.pl_modules.aes.pl_autoencoder.LightningAutoencoder	modelzoo.modules.aes.ae.VanillaAE	1906083	1906083	models/checkpoints/ss3vcutw.ckpt.zip	0.0.1	6128ad0392c5dd682c9b1a0bf0a72feac6e2e3b4	relative_encode_fix,bridge,rel,aes,relbridge_cosine_ae,cifar10,run0
2023-11-18 16:40:55.029607+00:00	1	gladia	modelzoo	6k0oc6ob		cifar10	0.004034824203699827	modelzoo.pl_modules.aes.pl_autoencoder.LightningAutoencoder	modelzoo.modules.aes.ae.VanillaAE	1906083	1906083	models/checkpoints/6k0oc6ob.ckpt.zip	0.0.1	6128ad0392c5dd682c9b1a0bf0a72feac6e2e3b4	relative_encode_fix,bridge,rel,aes,relbridge_cosine_ae,cifar10,run1
2023-11-18 18:07:18.747446+00:00	0	gladia	modelzoo	hcvj3tq4		cifar10	0.0034591828007251024	modelzoo.pl_modules.aes.pl_autoencoder.LightningAutoencoder	modelzoo.modules.aes.ae.VanillaAE	1906083	1906083	models/checkpoints/hcvj3tq4.ckpt.zip	0.0.1	6128ad0392c5dd682c9b1a0bf0a72feac6e2e3b4	relative_encode_fix,bridge,rel,aes,relbridge_euclidean_ae,cifar10,run0
2023-11-18 19:43:04.716088+00:00	1	gladia	modelzoo	5u5owdwh		cifar10	0.0032606148160994053	modelzoo.pl_modules.aes.pl_autoencoder.LightningAutoencoder	modelzoo.modules.aes.ae.VanillaAE	1906083	1906083	models/checkpoints/5u5owdwh.ckpt.zip	0.0.1	6128ad0392c5dd682c9b1a0bf0a72feac6e2e3b4	relative_encode_fix,bridge,rel,aes,relbridge_euclidean_ae,cifar10,run1
2023-11-18 20:05:58.052874+00:00	0	gladia	modelzoo	kzhvr8o3		cifar10	0.007723954040557146	modelzoo.pl_modules.aes.pl_autoencoder.LightningAutoencoder	modelzoo.modules.aes.ae.VanillaAE	1906083	1906083	models/checkpoints/kzhvr8o3.ckpt.zip	0.0.1	6128ad0392c5dd682c9b1a0bf0a72feac6e2e3b4	relative_encode_fix,bridge,rel,aes,relbridge_l1_ae,cifar10,run0
2023-11-18 20:39:17.497794+00:00	1	gladia	modelzoo	cr19gu98		cifar10	0.008037557825446129	modelzoo.pl_modules.aes.pl_autoencoder.LightningAutoencoder	modelzoo.modules.aes.ae.VanillaAE	1906083	1906083	models/checkpoints/cr19gu98.ckpt.zip	0.0.1	6128ad0392c5dd682c9b1a0bf0a72feac6e2e3b4	relative_encode_fix,bridge,rel,aes,relbridge_l1_ae,cifar10,run1
2023-11-18 21:33:37.472336+00:00	0	gladia	modelzoo	pzvdu93i		cifar10	0.02180005982518196	modelzoo.pl_modules.aes.pl_autoencoder.LightningAutoencoder	modelzoo.modules.aes.ae.VanillaAE	1906083	1906083	models/checkpoints/pzvdu93i.ckpt.zip	0.0.1	6128ad0392c5dd682c9b1a0bf0a72feac6e2e3b4	relative_encode_fix,bridge,rel,aes,relbridge_linf_ae,cifar10,run0
2023-11-18 22:06:44.245045+00:00	1	gladia	modelzoo	omrhjyi6		cifar10	0.025473590940237045	modelzoo.pl_modules.aes.pl_autoencoder.LightningAutoencoder	modelzoo.modules.aes.ae.VanillaAE	1906083	1906083	models/checkpoints/omrhjyi6.ckpt.zip	0.0.1	6128ad0392c5dd682c9b1a0bf0a72feac6e2e3b4	relative_encode_fix,bridge,rel,aes,relbridge_linf_ae,cifar10,run1
2023-11-18 22:55:35.438935+00:00	0	gladia	modelzoo	qv433oaw		cifar10	0.0007255975506268442	modelzoo.pl_modules.aes.pl_autoencoder.LightningAutoencoder	modelzoo.modules.aes.ae.VanillaAE	1289075	1289075	models/checkpoints/qv433oaw.ckpt.zip	0.0.1	6128ad0392c5dd682c9b1a0bf0a72feac6e2e3b4	relative_encode_fix,bridge,rel,aes,relbridge_none_ae,cifar10,run0
2023-11-18 23:44:19.265403+00:00	1	gladia	modelzoo	t0shac4a		cifar10	0.0006989708635956049	modelzoo.pl_modules.aes.pl_autoencoder.LightningAutoencoder	modelzoo.modules.aes.ae.VanillaAE	1289075	1289075	models/checkpoints/t0shac4a.ckpt.zip	0.0.1	6128ad0392c5dd682c9b1a0bf0a72feac6e2e3b4	relative_encode_fix,bridge,rel,aes,relbridge_none_ae,cifar10,run1
2023-11-19 00:28:30.151470+00:00	0	gladia	modelzoo	uzmnj81c		mnist	0.0031533604487776756	modelzoo.pl_modules.aes.pl_autoencoder.LightningAutoencoder	modelzoo.modules.aes.ae.VanillaAE	3750321	3750321	models/checkpoints/uzmnj81c.ckpt.zip	0.0.1	6128ad0392c5dd682c9b1a0bf0a72feac6e2e3b4	relative_encode_fix,bridge,rel,aes,relbridge_all_ae,mnist,run0
2023-11-19 00:59:58.238815+00:00	1	gladia	modelzoo	crx5bach		mnist	0.0027928012423217297	modelzoo.pl_modules.aes.pl_autoencoder.LightningAutoencoder	modelzoo.modules.aes.ae.VanillaAE	3750321	3750321	models/checkpoints/crx5bach.ckpt.zip	0.0.1	6128ad0392c5dd682c9b1a0bf0a72feac6e2e3b4	relative_encode_fix,bridge,rel,aes,relbridge_all_ae,mnist,run1
2023-11-19 01:39:44.823331+00:00	0	gladia	modelzoo	54ksaaqn		mnist	0.0015832914505153894	modelzoo.pl_modules.aes.pl_autoencoder.LightningAutoencoder	modelzoo.modules.aes.ae.VanillaAE	3133313	3133313	models/checkpoints/54ksaaqn.ckpt.zip	0.0.1	6128ad0392c5dd682c9b1a0bf0a72feac6e2e3b4	relative_encode_fix,bridge,rel,aes,relbridge_cos_eu_l1_ae,mnist,run0
2023-11-19 02:06:59.983408+00:00	1	gladia	modelzoo	7ifoh1vg		mnist	0.0022465537767857313	modelzoo.pl_modules.aes.pl_autoencoder.LightningAutoencoder	modelzoo.modules.aes.ae.VanillaAE	3133313	3133313	models/checkpoints/7ifoh1vg.ckpt.zip	0.0.1	6128ad0392c5dd682c9b1a0bf0a72feac6e2e3b4	relative_encode_fix,bridge,rel,aes,relbridge_cos_eu_l1_ae,mnist,run1
2023-11-19 02:58:39.447010+00:00	0	gladia	modelzoo	jvqu7n7u		mnist	0.0010523352539166808	modelzoo.pl_modules.aes.pl_autoencoder.LightningAutoencoder	modelzoo.modules.aes.ae.VanillaAE	1899297	1899297	models/checkpoints/jvqu7n7u.ckpt.zip	0.0.1	6128ad0392c5dd682c9b1a0bf0a72feac6e2e3b4	relative_encode_fix,bridge,rel,aes,relbridge_cosine_ae,mnist,run0
2023-11-19 03:59:10.338992+00:00	1	gladia	modelzoo	w7r136ey		mnist	0.0010192194022238255	modelzoo.pl_modules.aes.pl_autoencoder.LightningAutoencoder	modelzoo.modules.aes.ae.VanillaAE	1899297	1899297	models/checkpoints/w7r136ey.ckpt.zip	0.0.1	6128ad0392c5dd682c9b1a0bf0a72feac6e2e3b4	relative_encode_fix,bridge,rel,aes,relbridge_cosine_ae,mnist,run1
2023-11-19 04:30:41.012709+00:00	0	gladia	modelzoo	rrasns30		mnist	0.0021552001126110554	modelzoo.pl_modules.aes.pl_autoencoder.LightningAutoencoder	modelzoo.modules.aes.ae.VanillaAE	1899297	1899297	models/checkpoints/rrasns30.ckpt.zip	0.0.1	6128ad0392c5dd682c9b1a0bf0a72feac6e2e3b4	relative_encode_fix,bridge,rel,aes,relbridge_euclidean_ae,mnist,run0
2023-11-19 04:53:13.899582+00:00	1	gladia	modelzoo	me0wt5vv		mnist	0.002691625151783228	modelzoo.pl_modules.aes.pl_autoencoder.LightningAutoencoder	modelzoo.modules.aes.ae.VanillaAE	1899297	1899297	models/checkpoints/me0wt5vv.ckpt.zip	0.0.1	6128ad0392c5dd682c9b1a0bf0a72feac6e2e3b4	relative_encode_fix,bridge,rel,aes,relbridge_euclidean_ae,mnist,run1
2023-11-19 05:06:56.290648+00:00	0	gladia	modelzoo	0no004xp		mnist	0.002463422017171979	modelzoo.pl_modules.aes.pl_autoencoder.LightningAutoencoder	modelzoo.modules.aes.ae.VanillaAE	1899297	1899297	models/checkpoints/0no004xp.ckpt.zip	0.0.1	6128ad0392c5dd682c9b1a0bf0a72feac6e2e3b4	relative_encode_fix,bridge,rel,aes,relbridge_l1_ae,mnist,run0
2023-11-19 05:37:53.736556+00:00	1	gladia	modelzoo	yy3a3gi0		mnist	0.002251856029033661	modelzoo.pl_modules.aes.pl_autoencoder.LightningAutoencoder	modelzoo.modules.aes.ae.VanillaAE	1899297	1899297	models/checkpoints/yy3a3gi0.ckpt.zip	0.0.1	6128ad0392c5dd682c9b1a0bf0a72feac6e2e3b4	relative_encode_fix,bridge,rel,aes,relbridge_l1_ae,mnist,run1
2023-11-19 05:56:14.211890+00:00	0	gladia	modelzoo	ww75jza9		mnist	0.04160178080201149	modelzoo.pl_modules.aes.pl_autoencoder.LightningAutoencoder	modelzoo.modules.aes.ae.VanillaAE	1899297	1899297	models/checkpoints/ww75jza9.ckpt.zip	0.0.1	6128ad0392c5dd682c9b1a0bf0a72feac6e2e3b4	relative_encode_fix,bridge,rel,aes,relbridge_linf_ae,mnist,run0
2023-11-19 06:10:10.302093+00:00	1	gladia	modelzoo	n7hqc0by		mnist	0.013782261870801449	modelzoo.pl_modules.aes.pl_autoencoder.LightningAutoencoder	modelzoo.modules.aes.ae.VanillaAE	1899297	1899297	models/checkpoints/n7hqc0by.ckpt.zip	0.0.1	6128ad0392c5dd682c9b1a0bf0a72feac6e2e3b4	relative_encode_fix,bridge,rel,aes,relbridge_linf_ae,mnist,run1
2023-11-19 06:49:29.948115+00:00	0	gladia	modelzoo	zfb65nqu		mnist	5.3603722335537896e-05	modelzoo.pl_modules.aes.pl_autoencoder.LightningAutoencoder	modelzoo.modules.aes.ae.VanillaAE	1282289	1282289	models/checkpoints/zfb65nqu.ckpt.zip	0.0.1	6128ad0392c5dd682c9b1a0bf0a72feac6e2e3b4	relative_encode_fix,bridge,rel,aes,relbridge_none_ae,mnist,run0
2023-11-19 07:28:09.292499+00:00	1	gladia	modelzoo	5yw4elac		mnist	2.454594141454436e-05	modelzoo.pl_modules.aes.pl_autoencoder.LightningAutoencoder	modelzoo.modules.aes.ae.VanillaAE	1282289	1282289	models/checkpoints/5yw4elac.ckpt.zip	0.0.1	6128ad0392c5dd682c9b1a0bf0a72feac6e2e3b4	relative_encode_fix,bridge,rel,aes,relbridge_none_ae,mnist,run1
